Left_Shoulder_X,Left_Shoulder_Y,DELTOID_NonAffected_upper,DELTOID_NonAffected_lower
0.9698456,-0.49516407,0.9618618497966424,-0.0752921304216774
0.95833975,-0.5009749,0.948135478862359,-0.1055649806141955
0.9643952,-0.5024495,0.9370480187721604,-0.1287896984144407
0.9749274,-0.50246304,0.9282783470772796,-0.1458143166175611
0.98132354,-0.5038079,0.9218136507915408,-0.1569003774312263
0.98317933,-0.5018766,0.917259134019452,-0.1630183241581972
0.98421997,-0.5006816,0.9144979058755092,-0.1646989995364186
0.9863271,-0.50048494,0.9132277571677656,-0.1626777122327655
0.9888985,-0.50027853,0.9132507015029552,-0.1576862737266794
0.9920131,-0.50001746,0.9143341340011096,-0.1502931898379277
0.99302334,-0.5001557,0.916221955152768,-0.1413629089986704
0.9942161,-0.49985892,0.9186945378185672,-0.1314919410139214
0.99469393,-0.49989438,0.9215615843038374,-0.1212296143490534
0.99479675,-0.5001579,0.9223645720754609,-0.1248285867691206
0.9946654,-0.500477,0.9163587068601168,-0.125064940404528
0.99419844,-0.5004181,0.9285371256604736,-0.1193789528265599
0.9948979,-0.5005317,0.9246358297326828,-0.1180466813689703
0.99525434,-0.50035095,0.9306936501791384,-0.1117111661033916
0.99610436,-0.5002565,0.9218660368028048,-0.1193527036008313
0.9945996,-0.50031406,0.9324333349729896,-0.123832624232798
0.99426514,-0.5003257,0.9267550141045944,-0.1174793158779372
0.9936011,-0.5002536,0.9303682082235918,-0.1209822879987167
0.9933596,-0.5003288,0.9356490663357702,-0.1190372304118052
0.9931178,-0.5002896,0.9273060892377432,-0.1258199391824956
0.9933801,-0.50028133,0.9306375183726816,-0.1169843186463391
0.99377424,-0.5003254,0.9279549925605486,-0.1099395875985427
0.9943278,-0.50028557,0.9293889911517564,-0.1036173114594896
0.9947149,-0.50026786,0.9214781106208528,-0.1148017880078956
0.99432534,-0.5003849,0.9354924809277796,-0.0940758492775534
0.9955162,-0.50045705,0.9202623638738908,-0.0979342451020218
0.99686676,-0.5003849,0.9303953777956212,-0.0779290338450425
0.99868983,-0.50021935,0.9174429524966552,-0.0891062374960378
0.9996202,-0.49990132,0.9239286214081648,-0.0715840383896161
1.0021218,-0.49981326,0.9181022536822896,-0.0655737074917665
1.0055224,-0.4990081,0.9317325707790552,-0.0639950346563745
1.0050737,-0.49906704,0.9293524456213172,-0.0757551038002656
1.0045094,-0.4990189,0.9147287448905774,-0.1053596972365808
1.0033497,-0.49893558,0.9178321408694388,-0.1149168680998304
1.0033847,-0.49886975,0.921014090348711,-0.1352054155391392
1.0029677,-0.498792,0.9216563051671672,-0.1508413733880017
1.0028924,-0.49860787,0.9216419730200424,-0.1580019871122103
1.0018009,-0.49846783,0.9283681678003468,-0.1597685535899769
1.0014547,-0.49837363,0.9230705727077216,-0.1657414237065231
1.0022273,-0.49834642,0.9300710403982908,-0.157850449266987
1.0036697,-0.49819145,0.9228813786496428,-0.1671957845393949
1.0046532,-0.49779496,0.9235556646843788,-0.1770487776076618
1.00711,-0.49756435,0.9278149299433665,-0.1753425634941922
1.0089114,-0.49732223,0.9212480209266196,-0.1735994813971131
1.0108038,-0.4973072,0.9240687140519508,-0.1679877484823869
1.0126863,-0.49714535,0.918912837838141,-0.1511959933059999
1.0139576,-0.49687332,0.9192380933785672,-0.1295224524298924
1.0150539,-0.49647456,0.911711102805237,-0.1166873511454173
1.0143478,-0.49654084,0.9166542186825236,-0.0951640458077932
1.0124971,-0.49731502,0.910467228269292,-0.1006880412578415
1.0081844,-0.49852163,0.910371330836753,-0.0865551944392078
1.0016983,-0.49936166,0.9011924522371156,-0.0896948860272821
1.0003769,-0.49900737,0.9107873222333068,-0.0659488627747342
0.99828285,-0.49832493,0.9100489778695072,-0.0603665951490058
0.9969021,-0.4976352,0.9106241242629912,-0.0809730136100377
0.99555206,-0.49616307,0.9095977020897452,-0.1098464359587303
0.99506456,-0.49482137,0.9138794677929584,-0.1276486542004167
0.9932169,-0.49404246,0.9136121410503724,-0.1339987914035331
0.98874426,-0.49381202,0.9118502525895578,-0.1392983274787216
0.9850612,-0.4923289,0.9199591638946932,-0.1467211517072279
0.9831441,-0.4927603,0.9191630584982248,-0.1426289719153684
0.9803132,-0.49310115,0.9124402973426002,-0.1443814936400408
0.9765725,-0.49375576,0.922866060668249,-0.1495585507598999
0.9840409,-0.49412015,0.9225757963238184,-0.1567281617807471
0.9819727,-0.49513844,0.9203769479402572,-0.1605768341728696
0.98083967,-0.49616337,0.9255262916339894,-0.1662791431450155
0.9778669,-0.49755746,0.9228479358140012,-0.1585584303525744
0.969791,-0.50178593,0.9175895615596064,-0.1473454316359298
0.96989787,-0.5005359,0.9324170310776082,-0.1457825105386463
0.95665926,-0.50080156,0.9212611768551614,-0.1519218937120733
0.945556,-0.5002932,0.93318571598585,-0.1501769265371055
0.93698657,-0.4995746,0.9269856358423556,-0.1602152344569895
0.90257186,-0.49970168,0.9340187293849216,-0.1504204656719374
0.89418566,-0.5008742,0.9348463527445884,-0.1441801530149509
0.888133,-0.5063388,0.9347254931064682,-0.111716270851907
0.87928015,-0.50251293,0.9194112250459628,-0.106111596323067
0.88782686,-0.50436324,0.9312761032477084,-0.1221052816802717
0.8910802,-0.5090769,0.9328746644549591,-0.1264480910309917
0.87608385,-0.5078927,0.9284291958476208,-0.129556446666621
0.8927576,-0.51112217,0.9394224858862912,-0.1430791987254192
0.9032072,-0.50793964,0.932613930657482,-0.1461507717658725
0.9109717,-0.50716305,0.9276706139610804,-0.1529339224386701
0.9443101,-0.50426424,0.9329552032327124,-0.1340165345894845
0.962107,-0.5008773,0.9321143881766508,-0.1335388852238303
0.98632306,-0.50253916,0.9316041954789244,-0.1154179920826988
0.9889423,-0.503247,0.9229640288949158,-0.1454205959131465
0.9867682,-0.5033005,0.9342631251680094,-0.1356795994423044
0.9867181,-0.50187397,0.9185611725848322,-0.1570648738083053
0.99290854,-0.5035375,0.935702094386156,-0.1650675400932685
1.0029382,-0.5039661,0.9358198859894308,-0.1932356843281469
1.0042896,-0.5073911,0.9338943941537748,-0.2021677415336811
1.0075479,-0.5085486,0.9304277717371808,-0.2223316519095089
0.9960331,-0.5082619,0.939725051456344,-0.2404938248317678
1.0019717,-0.50763774,0.9418765691232124,-0.2427585107043622
1.0061029,-0.5074276,0.9380728173173716,-0.2496371216905105
1.0052764,-0.5063153,0.93120501137597,-0.241016218761404
1.0080119,-0.50467813,0.941337740057498,-0.218286094961426
0.99428076,-0.5036172,0.9440095902524308,-0.2066498464097101
0.99036604,-0.502841,0.9382783957124224,-0.1906708260780107
0.98626447,-0.50293565,0.9243075318412818,-0.1970626197524338
0.9802286,-0.5021717,0.9517900611008664,-0.1726843057513352
0.9801375,-0.49935803,0.9322053824275076,-0.1800677916784449
0.9822521,-0.49591517,0.928885654225566,-0.1578225426818588
0.98698324,-0.49279064,0.9493721438783688,-0.0254814199776693
0.97820306,-0.49007866,0.9256419692408282,-0.0367461604338836
0.9779268,-0.49271047,0.9258038278719009,-0.0708553219839191
0.98242444,-0.49458218,0.9375580451072504,-0.106142043059655
0.9767856,-0.4944225,0.930462019844477,-0.1820431657418745
0.97327363,-0.49391136,0.9350241954814696,-0.228444041845387
0.97587156,-0.4929826,0.9125468384786604,-0.2987925012993561
0.9772134,-0.49153844,0.9475852138129192,-0.1947225571113202
0.97404397,-0.49005008,0.9536280122372648,-0.2749532130448807
0.9728241,-0.48881248,0.979843166103916,-0.2423294594077825
0.97360647,-0.48823947,0.9507118125723129,-0.3903239407742858
0.9700389,-0.48848575,0.9449744466849104,-0.5172608549559246
0.96784735,-0.4871229,0.9359786221235666,-0.6352932824777474
0.96897024,-0.48601878,0.964731462649836,-0.7115334962307854
0.9691826,-0.4856183,0.9827770501232131,-0.7687869218895299
0.9685844,-0.48532814,0.9918293235662486,-0.7968775908484249
0.9659552,-0.48457822,1.0,-0.8449669873728712
0.9662623,-0.4836604,0.9969890313367584,-0.8855550263134754
0.9623512,-0.48397145,0.977271612421173,-0.8990292368851245
0.96373874,-0.4833925,0.9807042237724394,-0.8893860780575416
0.9603776,-0.4841149,0.9816802873582864,-0.86342583536939
0.9579271,-0.48442355,0.9690178366024932,-0.8402773364738073
0.96155757,-0.4842266,0.9739968535495628,-0.7514184004705594
0.96549207,-0.4839347,0.9519893012769728,-0.6197556811176558
0.96772736,-0.4833877,0.9584460839586046,-0.5487813673016054
0.96837425,-0.48315743,0.9290068106609504,-0.6444138891357082
0.9694193,-0.48214537,0.9565933966631824,-0.609211587063261
0.9711082,-0.48245248,0.9440226716365306,-0.6138395659795108
0.97153383,-0.48196924,0.9589029981543712,-0.5610441314945005
0.97079724,-0.48128214,0.9456726029438524,-0.5143251911191628
0.97139955,-0.48125768,0.955206557832714,-0.4149012393415883
0.9732558,-0.48104706,0.9891811182281832,-0.2833793806212918
0.97439325,-0.48058397,0.9610489941903144,-0.3260287036259265
0.97589964,-0.48071787,0.9466282442276872,-0.3206400185886715
0.9737843,-0.48084614,0.9148271191930112,-0.5605536854514227
0.9733753,-0.48096362,0.9532155655108204,-0.538068167358861
0.9735852,-0.4810405,0.9502057743798016,-0.618963753012363
0.97462946,-0.48011458,0.9915788770981556,-0.6158180459382774
0.9760463,-0.47952545,0.9914484141994828,-0.6359589218485486
0.9748378,-0.47874716,0.9752443463433776,-0.7225853978198515
0.9736009,-0.47784686,0.9780840075137168,-0.7981550518492329
0.9743778,-0.4769712,0.9683635219442416,-0.8545174893529015
0.9761576,-0.47690865,0.984966510047252,-0.8582060748738927
0.9787166,-0.47670138,0.9820458979032703,-0.8756279171838796
0.9806781,-0.4761279,0.968593084461977,-0.9369725413989785
0.9810739,-0.4761198,0.9992088943096606,-0.9067698720580538
0.9816169,-0.47663563,0.9998469668604132,-0.8837577613549674
0.9812591,-0.4767542,0.9627752300949282,-0.9530918015450438
0.9809213,-0.4773313,0.9883237258566248,-0.947905195844318
0.97918165,-0.47720847,0.9765231166786884,-0.8909951909938083
0.97779465,-0.4772177,0.9888065530377148,-0.8589176308577741
0.97497463,-0.47771844,0.9724585955220156,-0.8788961889932047
0.97064114,-0.4786158,0.979749433191154,-0.7989061739843979
0.96733284,-0.4789695,0.971184020560825,-0.7475379062217361
0.9641632,-0.47949052,0.964399886738554,-0.6733546634900301
0.96153146,-0.48019993,0.949778365362704,-0.611420204570513
0.96182364,-0.4806427,0.9423518964187712,-0.5757883683209953
0.96241957,-0.48089594,0.9476093711173644,-0.5618868972170202
0.9637062,-0.48100993,0.9540373828601848,-0.5241714813418797
0.96500856,-0.4810312,0.9459671958248588,-0.4539141797184149
0.96978724,-0.48245123,0.945542248484823,-0.4161883329355165
0.9718896,-0.483354,0.9613297364863548,-0.311833986419768
0.97382265,-0.48408952,0.9437064269358312,-0.3165927731898784
0.9756493,-0.48506296,0.9511511904076262,-0.3480179046869127
0.9769033,-0.48543084,0.9509986311322096,-0.306615905212446
0.98307914,-0.48552707,0.9321597159214302,-0.31472532237418
0.990774,-0.48621553,0.9442703137186524,-0.2711293737848806
0.99584967,-0.48596054,0.9544471847203476,-0.25994653993875
1.0019506,-0.48577273,0.9572843252220686,-0.274282617054094
1.0019364,-0.48592502,0.9516213052989004,-0.2431916516786115
0.99971664,-0.4868246,0.9369185882764632,-0.2492426714668673
0.99613965,-0.48886448,0.9458489421986424,-0.2277211359927593
0.99613374,-0.48944074,0.9390743173985532,-0.1903412978654768
0.99710834,-0.48953336,0.93816793984591,-0.1869486127018113
0.99465454,-0.48978722,0.9540549979606392,-0.2093103089273579
0.9886608,-0.4899385,0.9405823992064192,-0.2126343792613121
0.9834251,-0.48899463,0.942405262696694,-0.2001572961382522
0.9796795,-0.48857757,0.9356693707942358,-0.2242752204831921
0.9748377,-0.48865923,0.9324522150486828,-0.2254893388542689
0.97261256,-0.4890346,0.9199733005390076,-0.231679277939781
0.9716565,-0.48961124,0.9505960894087409,-0.2135281701942936
0.9714127,-0.49013153,0.9433596200145048,-0.1925332223394967
0.97136253,-0.49023062,0.9280504759772888,-0.1840518507470368
0.97136176,-0.49023014,0.9349159132587072,-0.1547668380263609
0.9713536,-0.4902379,0.938228433248401,-0.1341683107996673
0.9708972,-0.49027476,0.9224141821328996,-0.1558573077815775
0.9703472,-0.49017966,0.9254128835423844,-0.1689869294966981
0.97063226,-0.4904408,0.9355414777066318,-0.135210038269106
0.97034395,-0.4885331,0.9238142406168524,-0.1434458298797352
0.9697638,-0.4874722,0.9266491033988952,-0.1336493092789267
0.96993655,-0.4871321,0.9315023711752614,-0.125787615220138
0.97130793,-0.48705322,0.9297911138705656,-0.1266354786846262
0.9733236,-0.48688605,0.92436058615131,-0.1248500527476529
0.9759745,-0.4868652,0.9269852903985644,-0.1205217003018489
0.9788057,-0.48673722,0.9299001855275696,-0.0976131449170017
0.9773435,-0.4866423,0.9272811062578764,-0.11332103605761
0.97574514,-0.4866839,0.929029329670066,-0.0987392211874517
0.97637266,-0.4865597,0.9258590907008608,-0.0995290999080539
0.977581,-0.48611465,0.9295409619549106,-0.0903947499006978
0.9786442,-0.4864282,0.9229786563290064,-0.0773261044293112
0.979203,-0.48621565,0.9283645304220666,-0.0929782501244963
0.98029035,-0.48615694,0.9250138666820258,-0.0889543732135987
0.98117626,-0.48601303,0.9281039146962944,-0.0945118464577517
0.981495,-0.48587903,0.9273189122386208,-0.0962118413253308
0.98111516,-0.4857253,0.9294338692411248,-0.0995632981564789
0.98035204,-0.48584288,0.9314158352191252,-0.1151679641287271
0.977883,-0.48578712,0.9217662198019656,-0.1334172139867205
0.97750556,-0.48566395,0.9342403030316104,-0.1374322740228161
0.9779747,-0.48561707,0.9282068346590744,-0.150679276397977
0.97260344,-0.48609474,0.9316109994248156,-0.1423345779991833
0.9712829,-0.48635244,0.9354940441311588,-0.141249557841671
0.9715452,-0.4867929,0.9379991718613608,-0.1353393188410601
0.97117233,-0.48672318,0.9407605930442564,-0.1371830376581886
0.9723028,-0.48669624,0.9333729504071224,-0.1289016764918342
0.9744344,-0.48663494,0.934540011273894,-0.1275242688918455
0.9781399,-0.48646304,0.9372056183868168,-0.1203937021299521
0.9831357,-0.4843658,0.9403491448627332,-0.0951083944506091
0.9825288,-0.48341694,0.9323606708429296,-0.0929716881542705
0.98409563,-0.48290816,0.9253633308058158,-0.0861210047605637
0.98729426,-0.48130453,0.9287732307275356,-0.1001019598908764
0.98660743,-0.48038447,0.9195602519612892,-0.1103731445409553
0.994007,-0.47933754,0.9208376024377096,-0.1055214084541343
0.9949474,-0.47812667,0.9338156018131096,-0.1051535559822661
0.9942833,-0.47769874,0.9286846352546204,-0.1145163106068591
0.9888482,-0.47829443,0.9323629015519092,-0.1285723391265053
0.9816072,-0.47818324,0.942066459180532,-0.1413396589772018
0.97699034,-0.47869503,0.928427122538572,-0.1602573906671946
0.97630906,-0.47992674,0.9311107536388332,-0.1619128685117783
0.96790206,-0.48042196,0.923450750858014,-0.1726713240339039
0.96161133,-0.47974834,0.9372315478568196,-0.1730127626454228
0.9543072,-0.48202336,0.9276056138011964,-0.183668368127347
0.9545331,-0.48167327,0.9360528348554054,-0.1915813640910166
0.9549122,-0.48116156,0.9288309088929896,-0.1972336902586748
0.9626558,-0.48137388,0.9377207942734463,-0.1873828396905514
0.9644332,-0.48088756,0.9400894045285644,-0.1668279853885078
0.9682494,-0.479898,0.9356057764053146,-0.1590487513228453
0.9747987,-0.47821367,0.929157571793904,-0.1531156145723526
0.98101294,-0.47683787,0.9181058817891784,-0.1332514636957053
0.983619,-0.47794846,0.9416509117427412,-0.1398330109444459
0.9880961,-0.47539592,0.92583134356319,-0.1452600005479559
0.992535,-0.47275916,0.9326168520258776,-0.1459188585541579
0.99229765,-0.47207725,0.91983064836343,-0.1660199844385213
0.9937582,-0.47201958,0.9257466721422164,-0.1725122395509394
0.9922492,-0.47207975,0.9198827944580754,-0.1756421018301261
0.9865126,-0.47249937,0.9265984969509964,-0.1706574393982738
0.9833251,-0.47365242,0.934428909092108,-0.1622062721871983
0.98134065,-0.47787565,0.9296619908520648,-0.1701809391045532
0.97622055,-0.47926736,0.919655577331466,-0.1670541483287069
0.9731629,-0.4805777,0.9268367462325526,-0.1590397045628478
0.96979934,-0.48273268,0.915672210601699,-0.1692285808084395
0.9664324,-0.4851472,0.9147753498387876,-0.1523227082829596
0.9644398,-0.4856989,0.9220722700008092,-0.1459053003557221
0.95725346,-0.48583263,0.9222959859221104,-0.1315480569902959
0.9557069,-0.48662734,0.9276194395637556,-0.1471117435177158
0.95297223,-0.48685208,0.919313137990807,-0.1678848556142305
0.9516474,-0.48731643,0.9255139939199198,-0.168730027206426
0.94957894,-0.48781672,0.917391261996817,-0.1601826244625059
0.95124066,-0.4888706,0.9261210244144336,-0.1405985039809092
0.952253,-0.48908907,0.9178381780929435,-0.1323581001308302
0.94984215,-0.48894572,0.919223302579522,-0.1354221285421457
0.9504884,-0.48919106,0.92232207834011,-0.1215895911568374
0.9492624,-0.48920903,0.9208769087133204,-0.1176376296306535
0.949389,-0.48945916,0.9286747176524148,-0.1334723682464457
0.9512339,-0.49098644,0.9176342531057282,-0.1331616771128952
0.94977444,-0.491424,0.9301436987021928,-0.117746053307302
0.9509825,-0.4915113,0.9106398907933364,-0.1130405831096275
0.9510848,-0.49150613,0.9182882785544876,-0.1014873907417077
0.9517946,-0.4914095,0.9193754622729448,-0.0781771995964974
0.95062125,-0.4914245,0.9222056978054424,-0.0817455301615576
0.94767755,-0.4913782,0.9159909209484688,-0.0836603464801603
0.9433418,-0.49154136,0.915062587210026,-0.0788008150267206
0.94473416,-0.4916876,0.9240461860747112,-0.0344994618121546
0.94311786,-0.49181968,0.9226047843367442,-0.0517715390330867
0.9424803,-0.4917867,0.9044597781228324,-0.0561762842682582
0.9422715,-0.49262953,0.919468889258681,-0.0524178787057337
0.9442769,-0.49292216,0.9163726467820262,-0.0454742117229873
0.9466897,-0.49385485,0.8994693499119149,-0.0300301332621691
0.9509693,-0.49439663,0.9206677993692808,-0.0187209195039151
0.9536816,-0.49496445,0.9159629867651876,-0.0499774822434122
0.95600975,-0.49480295,0.9085806240099216,-0.0579869732936039
0.9574289,-0.4948577,0.9164467778009618,-0.1059027561714695
0.95853055,-0.4949516,0.9281725120033838,-0.1443946271768467
0.95893085,-0.495162,0.9217560273904638,-0.0879078109685453
0.9597345,-0.49585834,0.9206333844438598,-0.1907146400262506
0.95931846,-0.49748963,0.9298186040846104,-0.2826331034177231
0.9562867,-0.4989764,0.9290769664820308,-0.3582721349873431
0.95538795,-0.4990972,0.9500081061798604,-0.5057419999530757
0.95380723,-0.4988472,0.9508683422514376,-0.610060834664222
0.9566423,-0.49849594,0.9715526679524072,-0.7201810769216411
0.9573363,-0.4984731,0.9635680053549008,-0.8044492929983829
0.9560833,-0.4985107,0.9858749553714906,-0.8734658001549519
0.9556646,-0.49849284,0.9853748283388566,-0.9179368297084712
0.95554775,-0.49863786,0.9835881057986912,-0.9845253339148377
0.9559255,-0.49880412,0.9850882066755964,-1.0
0.9559029,-0.49868542,0.9896328691665192,-0.9931926244310784
0.956253,-0.4986712,0.9828849482926832,-0.9904697943924644
0.95656234,-0.4986492,0.9803860266604436,-0.9848652826268592
0.95785403,-0.4984449,0.9825195698655832,-0.9368843801456485
0.9585549,-0.4983809,0.9788203197951348,-0.8261307760770473
0.9591746,-0.498401,0.9736044423550486,-0.7339808764634059
0.9614809,-0.49835655,0.9591641970668808,-0.6269228908873542
0.9632642,-0.49825332,0.9590535024930844,-0.6245715039829738
0.9653487,-0.49840266,0.9384431488382494,-0.5381496768198195
0.96685517,-0.49853605,0.9337051450010144,-0.4390974645135165
0.9697247,-0.49840117,0.9369849646102356,-0.397694856200073
0.97380286,-0.49797225,0.9282710350448796,-0.2945115631548051
0.97568107,-0.49734038,0.9121414029761432,-0.2467139685988373
0.9735181,-0.49697533,0.9216259895661242,-0.2598726334902488
0.9761303,-0.49694166,0.9346020912522088,-0.2126501943991027
0.9775343,-0.496435,0.9286513340621372,-0.2192730710391196
0.9818184,-0.49579233,0.923254904099846,-0.2830582927704075
0.98510706,-0.49495757,0.925129267077874,-0.2607169454953156
0.9848577,-0.4941494,0.9286113291922032,-0.263308793881773
0.98736346,-0.4936939,0.925518689042998,-0.239044858705171
0.98654556,-0.49357703,0.927004970030744,-0.2435937837817128
0.9854239,-0.4937651,0.9233090253762882,-0.2297212694668818
0.98404634,-0.4938425,0.9283876108614778,-0.236691718523735
0.9819129,-0.4937201,0.9260064834920364,-0.2126501013645564
0.9844495,-0.49301365,0.9172021715942652,-0.2250063846270622
0.98777014,-0.4925411,0.9214421188548364,-0.1870824042461444
0.9918669,-0.4921702,0.9203890642338703,-0.1621684568577372
0.99488026,-0.49277973,0.9263115672774196,-0.1509982305587168
0.9951881,-0.49277735,0.9066330223299968,-0.1363625891859612
0.9962793,-0.49267974,0.9268114474635556,-0.1546157925827433
0.9970292,-0.49241588,0.9129117081598812,-0.1438368575009103
0.99799615,-0.4921549,0.91671496602723,-0.1506672211714126
0.9998417,-0.4923772,0.9190345294044032,-0.1474140092733323
1.0003912,-0.4924822,0.916364664512076,-0.1354053311089693
1.0028366,-0.4926283,0.922276290795276,-0.1134835414544755
1.0034113,-0.492952,0.9190852756683102,-0.1355377450361051
1.0044134,-0.49297136,0.908842901101503,-0.1279755444951552
1.005208,-0.49313787,0.9174363175903164,-0.0914512331511406
1.0055033,-0.49311286,0.915750327239093,-0.122227111300729
1.0063939,-0.49301577,0.906564464957746,-0.1717450113114001
1.0072136,-0.4926553,0.9139446993344954,-0.1869675806439288
1.0065064,-0.49226883,0.914857513156504,-0.2101315195692853
1.0061105,-0.49207032,0.9196630871004392,-0.2332101385349195
1.006504,-0.49182302,0.9085779017975272,-0.2601628682886767
1.0068066,-0.4912175,0.9160616820582334,-0.2698596748120362
1.0070467,-0.49107298,0.9135567226156142,-0.2837686745731341
1.0092512,-0.49080372,0.913852545720256,-0.2530057212504848
1.012285,-0.49042702,0.903676489234002,-0.2651864934016626
1.0161885,-0.4895428,0.9145617503131652,-0.2573514899839755
1.0157846,-0.48987335,0.91567850611011,-0.2620535725096302
1.0176412,-0.48987308,0.9095322214378442,-0.2882868410310157
1.0140742,-0.4894113,0.919520859905056,-0.2858144867709295
1.0084047,-0.49363747,0.9112614047572344,-0.2835320002955737
0.99647695,-0.49481153,0.9230631656139808,-0.2702221092597124
0.9904989,-0.49656534,0.90932564582606,-0.2378396337898957
0.98252124,-0.49617144,0.9065746074362444,-0.2241658681699379
0.97688407,-0.49394834,0.90288478970829,-0.2099759894566473
0.9710566,-0.49419352,0.9100698050526528,-0.1552706797029364
0.9809482,-0.49092498,0.9009533403089812,-0.1620279937896684
0.97747886,-0.49142882,0.9057789086961756,-0.1519774865736786
0.97055054,-0.49099615,0.8911921989539114,-0.1497637588449746
0.96014524,-0.49321574,0.9094259696213144,-0.1370719016173392
0.944977,-0.4968553,0.897770535140259,-0.1580596569894842
0.9353176,-0.49844825,0.910006329962584,-0.1539937684341407
0.93041104,-0.5031093,0.9160404449258618,-0.1631295991557888
0.91777813,-0.5070897,0.8946700183519088,-0.1878914974280851
0.91872764,-0.5009963,0.9142738106352198,-0.1928805932761262
0.9183662,-0.50172716,0.9092388200156208,-0.1991052626575413
0.9177171,-0.5008418,0.9086274011934796,-0.2077662373237701
0.9104532,-0.4999723,0.902573442598275,-0.2097077143025346
0.89943147,-0.4982917,0.9216992853131032,-0.2052010499335304
0.88234425,-0.49844515,0.9038779974558444,-0.2532443795291875
0.87218624,-0.49770534,0.9230477656070352,-0.2428752816187868
0.8657409,-0.497881,0.9175996029553044,-0.2736051008178354
0.8705186,-0.49628788,0.9048641216608706,-0.2833092847875985
0.8859932,-0.4962147,0.9417017594038316,-0.2594264449088584
0.8920683,-0.4975057,0.9240936958618432,-0.2812052203146847
0.9106515,-0.49612248,0.9248906299032444,-0.2951942070889263
0.9193883,-0.49359122,0.907979672986871,-0.2964406295037315
0.9360148,-0.49595973,0.9007728464402128,-0.3078830256325365
0.9450353,-0.49923378,0.9306147451241216,-0.2912493094817748
0.9563689,-0.5004642,0.911967637942636,-0.2779219136174087
0.9671838,-0.50352246,0.9180392965245592,-0.2877571348703095
0.9860394,-0.5083507,0.9253027890000703,-0.2840445380461792
0.99364996,-0.5064649,0.9209850367416592,-0.3006825984193249
1.0047632,-0.50841016,0.938852363684016,-0.2766928464002073
1.0051825,-0.5110389,0.9173404826355888,-0.2667838610148407
0.9984672,-0.5091177,0.92389340147251,-0.2612477661836825
0.9969031,-0.50699687,0.9208856161934688,-0.2712133280812349
1.0012894,-0.50466204,0.9131749692132332,-0.2888623252651536
0.9944003,-0.50427735,0.9266161272165704,-0.2441090907294238
0.9877477,-0.5045423,0.9166980081302863,-0.262120922756374
0.9783893,-0.50461733,0.915180514649565,-0.2739492086227865
0.97839046,-0.50499386,0.924411205551261,-0.267093740296995
0.9773931,-0.5062807,0.9210158291209112,-0.2679189004398358
0.9804154,-0.5059599,0.9104022276229936,-0.2404151147198185
0.9834856,-0.50571316,0.9130957527199232,-0.229482378072953
0.9902491,-0.5047862,0.9217297834398516,-0.2527056314694633
0.98947,-0.5038053,0.9347782187088192,-0.2310812448371663
0.98121136,-0.5032355,0.9362983485430176,-0.224370166617254
0.97498566,-0.5059826,0.9169948928576672,-0.2536241691194847
0.9766045,-0.50415313,0.9148356260297174,-0.2589880151684618
0.98255473,-0.5026289,0.914626893469228,-0.2359723011307293
0.98649704,-0.50330657,0.9219123080989536,-0.2350942417830574
0.9906398,-0.50203836,0.9295872511896202,-0.1775264589635053
0.9919066,-0.502599,0.907246100580852,-0.1930322560832514
0.99535346,-0.5040071,0.9254734196803814,-0.1981437843529341
0.99173146,-0.5037739,0.919706688679224,-0.2077396583065401
0.98517793,-0.50356424,0.9219237535845208,-0.208056193636367
0.9845016,-0.5028356,0.9282006971336744,-0.181842400174623
0.9845021,-0.50127745,0.920044396538457,-0.1822823895459058
0.9874835,-0.49943957,0.9217080695130326,-0.1713949261166767
0.9879515,-0.49882016,0.9261723710024562,-0.1940342498781947
0.98821646,-0.49886066,0.9153343187997892,-0.1825854584785587
0.98817945,-0.49894097,0.91600373991379,-0.1822027250728893
0.9841944,-0.49848285,0.9285580204148112,-0.1906481026175658
0.97981083,-0.49804878,0.9325573370884358,-0.1769445470593552
0.9776736,-0.498337,0.9294402516825744,-0.170350049582001
0.97562116,-0.49834082,0.9260327429743171,-0.1756163031623561
0.9736362,-0.49793634,0.926965904751084,-0.1703965632827951
0.97256315,-0.4977002,0.9320662565262056,-0.18131480085746
0.9733808,-0.4979957,0.9376574716209932,-0.2000142430016576
0.9738911,-0.49802533,0.9262398579331758,-0.1985065573528174
0.9728472,-0.49836195,0.9317992379150396,-0.1934782714735805
0.9748654,-0.49837106,0.931742323430854,-0.1813410075224319
0.9758622,-0.49832085,0.9271590027275454,-0.176010045206291
0.9768901,-0.4985724,0.9284221182169452,-0.160216688320122
0.978308,-0.49919605,0.9242477006492223,-0.1546941016229835
0.97788936,-0.4994928,0.9191232207052378,-0.1254604531832591
0.9778528,-0.49936253,0.9138694392788032,-0.1353303260892133
0.97701,-0.49937484,0.9228637363242634,-0.138571576956477
0.9759198,-0.49925497,0.9184989312340678,-0.150327202139038
0.9753949,-0.49931592,0.9271981550564624,-0.1556478566837236
0.9753661,-0.4993264,0.9182822581765546,-0.1727221841112913
0.97689885,-0.49927923,0.9164240442963688,-0.1912797387379925
0.9771834,-0.49914807,0.9141573631053992,-0.2112753542852325
0.9774758,-0.4987009,0.9209520321127048,-0.2277496017896877
0.9777181,-0.49775046,0.9224143616085668,-0.2237234804709793
0.97907674,-0.49685386,0.9267563897613408,-0.2151795471377934
0.97937626,-0.4962263,0.9208113061809698,-0.2194614394940518
0.9805175,-0.49588212,0.9249740107205549,-0.2144334858986583
0.9812427,-0.49571905,0.925219965208532,-0.2353171530645732
0.9818781,-0.49554768,0.9213541214441286,-0.2481274758598417
0.98197216,-0.49551255,0.9238455033449684,-0.2562327168328255
0.9819132,-0.4955113,0.9241574605236086,-0.2343756919491711
0.9788717,-0.4956088,0.9123852970901252,-0.2385849509192577
0.97758985,-0.49586824,0.9163253133360376,-0.2304160454363623
0.9753556,-0.49635276,0.9248427220177836,-0.2319662936899339
0.97383523,-0.49662587,0.912651811680994,-0.2404048867783841
0.9718008,-0.4968786,0.9118998942758392,-0.2354440283001161
0.96996534,-0.4966557,0.9162716267443872,-0.2179306750215682
0.96854866,-0.4967766,0.905007382566405,-0.195143538978347
0.96846604,-0.49675027,0.9038680471833648,-0.1675583464589146
0.97135824,-0.49613523,0.9040198413307228,-0.1820138893176269
0.9718596,-0.4960061,0.9065884234071018,-0.2030379405331258
0.9724051,-0.49609903,0.9156869540741112,-0.2035196384494104
0.97235745,-0.49609458,0.9101299394188902,-0.2081561345371144
0.97286385,-0.4962464,0.8983899236738017,-0.2162580502096964
0.96924794,-0.49584693,0.9083157908640054,-0.1902216489386592
0.96264106,-0.49556234,0.917510428698086,-0.1749564672584058
0.9560787,-0.4953036,0.915000314124498,-0.1756765106650349
0.9587296,-0.49320284,0.914474759621766,-0.1660653230405764
0.9595554,-0.49248084,0.91670990091607,-0.1624004260056108
0.9600878,-0.4916478,0.9177816686886004,-0.1539135938612928
0.9607626,-0.49112326,0.9177779879902096,-0.1566208972046957
0.9607214,-0.4908386,0.9110068313093874,-0.1573891864930027
0.9595571,-0.490781,0.917320731480016,-0.1552487385015634
0.95866704,-0.4915024,0.9106020043882364,-0.1478980004676845
0.9595335,-0.49190098,0.9101758239629116,-0.1201908737356289
0.9612284,-0.4917301,0.8986602809911503,-0.148828911387369
0.96363425,-0.49116954,0.9211771053999556,-0.1440944007511088
0.9622399,-0.4907175,0.9170314865886258,-0.1421916805063266
0.9601658,-0.49068233,0.9061351040006692,-0.1030732117049588
0.9553741,-0.49080816,0.9034404245092184,-0.1024075523677804
0.95583135,-0.49170458,0.9219239393436132,-0.0806204824618811
0.9607332,-0.4917627,0.9140716229268352,-0.0981793727894153
0.9629067,-0.49179655,0.905671143733506,-0.1304521526017269
0.9645947,-0.49162662,0.915593968421848,-0.1577537541099025
0.9659856,-0.49166876,0.916426999494414,-0.167969876552025
0.9665406,-0.49279478,0.9174118446983563,-0.1736600721705853
0.96648085,-0.493444,0.9050115572180014,-0.1657839558556816
0.9646812,-0.49294463,0.9155831332739766,-0.185128791313193
0.9606726,-0.4928705,0.9260474303953108,-0.1929502610405613
0.95729834,-0.49261215,0.919963513665144,-0.2328375878682631
0.9575062,-0.49154058,0.9146332686484931,-0.2652490879740197
0.9587304,-0.49062496,0.928180584763823,-0.2827925725975416
0.95913,-0.4904329,0.9369173964776722,-0.2867689672106557
0.9605879,-0.48944297,0.9250399333417724,-0.2912582694911838
0.9601006,-0.48883134,0.9352981847720312,-0.2660871066720157
0.96020776,-0.48806682,0.9187581558339354,-0.2692106301316959
0.9626069,-0.48767984,0.933269335598512,-0.2435603203874867
0.95988387,-0.4869934,0.9264165298592846,-0.2460564229905492
0.95634127,-0.48751077,0.9265998611812896,-0.2280013309057525
0.95276743,-0.48718116,0.9240090587255512,-0.2303447976849204
0.9459906,-0.48769963,0.932004377515675,-0.2089766454871394
0.9398734,-0.48839426,0.9204152378398794,-0.2007545087084935
0.934141,-0.48948637,0.9147058200703768,-0.1724885925643101
0.93157405,-0.4916936,0.9214759465934363,-0.1830116801646278
0.9307665,-0.49249274,0.9239037890220916,-0.1768592258260137
0.93047035,-0.49308982,0.9207260042101076,-0.1845453781560734
0.93190295,-0.49331015,0.9199303522732644,-0.1951918264046664
0.92930216,-0.4934075,0.9269813253313072,-0.1812869306410393
0.9271381,-0.49388608,0.9179088460402984,-0.170989423280173
0.9310241,-0.49439943,0.9208743533133869,-0.1557536722645451
0.93022,-0.49539214,0.9248426065155914,-0.1583901767335074
0.9295644,-0.49626288,0.9148738468794966,-0.1845065496908653
0.9290137,-0.49678233,0.9289097318754936,-0.1844357122534351
0.9277147,-0.497344,0.9232457730801013,-0.1900275666173651
0.9281046,-0.4978363,0.9269718007003694,-0.1782416368524838
0.9284986,-0.49835268,0.9215017668034784,-0.1543547991347449
0.9242932,-0.49864262,0.9255448756919814,-0.150248361944053
0.9201863,-0.49882793,0.9106904497721356,-0.1477958932083538
0.9195182,-0.4992775,0.928176964732703,-0.1267818171769423
0.9185562,-0.4995652,0.9101997888892874,-0.1481207262126976
0.92014414,-0.49961373,0.9156873354920368,-0.123179918766629
0.9217056,-0.49901646,0.9113823113587786,-0.1407380433739389
0.92255956,-0.49803331,0.9142508344081864,-0.1502862422764675
0.92324066,-0.4968826,0.9190965936649516,-0.1673594752021386
0.9251767,-0.49654883,0.9198695756602084,-0.1578770000753744
0.92591375,-0.49656045,0.9167602691504808,-0.1865182497392155
0.9285363,-0.4964294,0.9167646251345096,-0.1841701257164153
0.9298251,-0.49666393,0.920544612864737,-0.2024361123780443
0.9305464,-0.4968414,0.9177559852174412,-0.2139078395620449
0.9317169,-0.4972492,0.9285428259660432,-0.1814163685662967
0.93153584,-0.49732375,0.9138654215609556,-0.2122754544554377
0.93526983,-0.4975399,0.9179226672242294,-0.2078445737834285
0.9383121,-0.49776593,0.9177784498451432,-0.2124717185335147
0.9390219,-0.4974236,0.9197792742331876,-0.231294036125918
0.9381844,-0.49764034,0.9152304153421096,-0.2392863660706228
0.9371442,-0.49799275,0.9093920502686004,-0.2491177662170579
0.93676203,-0.4977865,0.9245776568833516,-0.227111166878757
0.9325729,-0.4970286,0.9091098400526396,-0.22444917332446
0.9265534,-0.49664932,0.92116716067296,-0.2116381499922291
0.9234856,-0.49656886,0.9202249860101192,-0.2248630486366821
0.9198849,-0.49621725,0.9159433164872142,-0.2498436697982454
0.91658676,-0.49534297,0.9087497859587128,-0.220932354308272
0.9111943,-0.49536183,0.9188450130063482,-0.2139961869717588
0.91596764,-0.4949897,0.9172524591676312,-0.2006767704269322
0.9181415,-0.49424812,0.912139761039196,-0.197123159781707
0.9221587,-0.49371028,0.9136289550790194,-0.2357643917193874
0.92459214,-0.492884,0.9183531117457632,-0.2501887252612222
0.9275345,-0.49229923,0.915705447361159,-0.2537783833522459
0.9317418,-0.4930106,0.9163952003115214,-0.2487666940202141
0.9370053,-0.49423987,0.9179662785112644,-0.2644775290415661
0.94046986,-0.49557832,0.9172851142420332,-0.2582914172277866
0.9449824,-0.4968155,0.925926894031924,-0.2554038830911424
0.9506516,-0.498046,0.9220715907001648,-0.2315667849836652
0.9581013,-0.49863097,0.92496600708778,-0.2096579183688639
0.9669348,-0.49872783,0.904438855540545,-0.2153501766852205
0.9755527,-0.49879453,0.9205250242328028,-0.1903993883602128
0.9773914,-0.49930423,0.9109678322647388,-0.1869701694122867
0.9763982,-0.49945667,0.9227343093338918,-0.1595801752815056
0.97992975,-0.49948573,0.9162151169389456,-0.118802229591612
0.9832234,-0.50006783,0.9207640023174974,-0.1201303884581178
0.98535967,-0.5009428,0.9147366584505132,-0.1134180550405671
0.9840142,-0.5018938,0.9141372441726232,-0.1364037042865124
0.98542804,-0.50318694,0.9201203835678766,-0.1312411309431769
0.98456645,-0.5036228,0.9211532676636668,-0.1447363994860362
0.9835285,-0.5038575,0.9095166871647188,-0.1460931226836079
0.98197764,-0.5039956,0.9230425567853808,-0.1358091332652447
0.98130155,-0.5041038,0.9143213053549464,-0.1524404989319286
0.9822646,-0.5042633,0.9197049610970874,-0.1469816645557341
0.98304635,-0.50469387,0.9130808777230456,-0.164618205997224
0.9838723,-0.5046299,0.9204010161404984,-0.171582590016196
0.9837807,-0.5038754,0.9215716224928104,-0.1534543451425752
0.98507756,-0.5021373,0.9122122040210828,-0.1545679739966858
0.9846645,-0.5010583,0.9194975426370424,-0.1695248778230488
0.9817873,-0.50076234,0.9127252766586108,-0.1796064003103124
0.9826188,-0.5007448,0.9125719793739784,-0.1842967273522764
0.9889674,-0.50023764,0.9210016923475656,-0.1660630205228676
0.9907039,-0.49986658,0.9163393180104308,-0.1572298425627656
0.99130225,-0.49953702,0.9174018040057426,-0.1529758224293632
0.9907284,-0.49942765,0.92022863320537,-0.1354510421402121
0.98957306,-0.49926373,0.9152378756912796,-0.1175297181547335
0.9898538,-0.4984419,0.9142653945500496,-0.1110986606288688
0.9920554,-0.49787068,0.9310549471650568,-0.0975065606657848
0.99369615,-0.4970589,0.9154288784986476,-0.1069716430971561
0.995177,-0.49663004,0.913255503810052,-0.1451170398435131
0.9964609,-0.496468,0.9182468587249144,-0.137286380981113
0.996487,-0.4964185,0.9222608752370918,-0.1292594133322612
0.9979169,-0.4968026,0.9233134708899272,-0.132234085339128
0.99938446,-0.49756,0.9106652909784926,-0.1412832636306257
1.000877,-0.4979723,0.9150691543611312,-0.1238303223760548
1.0020124,-0.4982371,0.912436410730666,-0.1031954549299896
1.0027881,-0.49852368,0.8987923314554918,-0.1043025856032581
1.003477,-0.49868152,0.9051581344406556,-0.1044564711881927
1.0041723,-0.49881268,0.9003761578111282,-0.1049843250763481
1.0052991,-0.49918285,0.9083047594432748,-0.0915442194921794
1.0058798,-0.4993954,0.9057434404732188,-0.0889276295524032
1.0063325,-0.49966994,0.904957702327033,-0.128274051724343
1.0062208,-0.5002528,0.9070081877758492,-0.1457886634205789
1.0063124,-0.50075996,0.905771176637962,-0.1321698390797095
1.0064805,-0.50114334,0.9091816119834868,-0.142043248275296
1.0065469,-0.50148255,0.9165694267175916,-0.1345304052743225
1.0073321,-0.5013238,0.9115211934007482,-0.1460630554469477
1.0081966,-0.5012858,0.9126275737678832,-0.1493151145982125
1.0103903,-0.5010376,0.9085319704748998,-0.1581887043169441
1.0098356,-0.5009484,0.918521923908589,-0.1567637583499612
1.0101119,-0.5000743,0.918683149814934,-0.1619305177661616
1.0099361,-0.50000334,0.9178685377755116,-0.1803621626091481
1.0110638,-0.499907,0.9155633919129708,-0.1805082457282895
1.0110419,-0.5000966,0.9199346626807308,-0.1751611992645004
1.0110399,-0.49969283,0.9138037920830598,-0.167108575366534
1.0107621,-0.49896866,0.9220193990219244,-0.1647776808317017
1.0121735,-0.49781042,0.922052353933078,-0.1625774831600116
1.013215,-0.49752077,0.9123512521120848,-0.1493526130842453
1.0147393,-0.49665973,0.925738993166997,-0.0978170085430813
1.0178274,-0.49547204,0.916854046309186,-0.1169876068192194
1.0192,-0.49386442,0.9281354745484092,-0.1112237521435924
1.0203805,-0.49281406,0.9128531337347924,-0.1144424716874989
1.0203851,-0.49249,0.9150608132198034,-0.1041347740397266
1.0200214,-0.49259388,0.9174939557471832,-0.0959936305090625
1.0206856,-0.4926859,0.9200178387501268,-0.0907083334666775
1.0219791,-0.4928266,0.9225022908638076,-0.0891114138341705
1.0118567,-0.4934535,0.9247245568504748,-0.0920766986641627
1.0064346,-0.49517366,0.9265760868583764,-0.1005266524831799
1.0048413,-0.49625075,0.9278497533560768,-0.1150870313944227
1.0039301,-0.49653324,0.9284132915046,-0.1369701772764481
1.0040025,-0.4968936,0.9280913760406438,-0.1664701624778147
1.0046637,-0.49731377,0.9267118525761902,-0.2051728190343322
1.0050461,-0.4976022,0.9241473726778864,-0.2529569227346956
1.0075444,-0.49795508,0.920169717846857,-0.3118654085771895
