Right_Elbow_X,Right_Elbow_Y,BICEPS_Affected_upper,BICEPS_Affected_lower
-0.627872,0.08241157,0.926735447987974,0.0
-0.63278097,0.075758405,0.9289974145109124,0.0
-0.6347836,0.06931724,0.930643714193602,0.0
-0.6352864,0.06454265,0.9317514245176094,0.0
-0.63375676,0.06376967,0.9324019718072812,0.0
-0.62996566,0.064528964,0.9326603149271055,0.0
-0.6297333,0.06333646,0.9326120642763268,0.0
-0.63121736,0.060529705,0.9323306578713758,0.0
-0.63384515,0.0576205,0.9318993281785944,0.0
-0.63658804,0.05622152,0.9313934003032902,0.0
-0.63776505,0.055653613,0.9326922031514382,0.0
-0.6397744,0.05475929,0.9343333660250012,0.0
-0.6407704,0.054810468,0.9304969524688986,0.0
-0.64047885,0.055174336,0.9286961540189338,0.0
-0.6405117,0.05526881,0.932862210906206,0.0
-0.6413369,0.055166353,0.9314266962526055,0.0
-0.64109945,0.055208325,0.9310913819486982,0.0
-0.64147824,0.05508538,0.9301427022481826,0.0
-0.6416123,0.055065487,0.9326075965806068,0.0
-0.6418543,0.054982893,0.9346614962612592,0.0
-0.6407242,0.055592764,0.9310194655419206,0.0
-0.6406174,0.056199934,0.935668223726191,0.0
-0.64057606,0.05643046,0.9311782192508344,0.0
-0.64083755,0.05681719,0.9338882668319048,0.0
-0.640861,0.056972723,0.9284915953219706,0.0
-0.6410948,0.05709834,0.931561926534793,0.0
-0.64129114,0.057304032,0.9352476296140172,0.0
-0.64181703,0.057413973,0.9333198730410208,0.0
-0.6426942,0.05682532,0.9324770165108294,0.0
-0.6432547,0.056632742,0.9344799651264932,0.0
-0.643968,0.056130443,0.9326520991525789,0.0
-0.64486116,0.05576982,0.9305413839075471,0.0
-0.6456212,0.05535367,0.92966374154888,0.0
-0.6462481,0.054956768,0.9337044340867836,0.0
-0.6467217,0.05463788,0.9336039419279184,0.0
-0.6470916,0.05419343,0.9326216317892342,0.0
-0.6468254,0.054057173,0.9297026865378888,0.0
-0.6466724,0.05396325,0.9394733194565024,0.0
-0.64514697,0.05410175,0.9350389704355652,0.0
-0.6446103,0.05433664,0.9347688790382508,0.0
-0.64510554,0.055518568,0.9345975982462372,0.0
-0.64528185,0.055798132,0.931990033001304,0.0
-0.64522415,0.05597748,0.9361594141162922,0.0
-0.645399,0.05609685,0.9367489465349356,0.0
-0.64466405,0.055993974,0.938325935363938,0.0
-0.6436675,0.056544255,0.9392099363267262,0.0
-0.6434603,0.05638186,0.937554127973492,0.0
-0.64326924,0.05628521,0.9346804346373616,0.0
-0.6442538,0.055357147,0.9385576831146144,0.0
-0.64602,0.05530671,0.9395642554484802,0.0
-0.6487451,0.055004153,0.9355353596760392,0.0
-0.6503576,0.053852253,0.9366732688253484,0.0
-0.65109277,0.05237469,0.943345854050552,0.0
-0.6519694,0.05132337,0.9373787907695922,0.0
-0.6529049,0.0504562,0.9386481859726442,0.0
-0.6531416,0.049864054,0.9358327430830604,0.0
-0.6530631,0.049686313,0.9416834631954856,0.0
-0.6516342,0.049121276,0.9351565972306224,0.0
-0.64985955,0.04915084,0.9420999327710092,0.0
-0.6485841,0.050071463,0.9353222408422912,0.0
-0.64800125,0.0503934,0.9383272836594284,0.0
-0.6466798,0.049831938,0.9328887226323648,0.0
-0.6452073,0.0497714,0.9367908465431078,0.0
-0.6447187,0.050395183,0.9372982363069328,0.0
-0.6441036,0.05106774,0.9392370158256368,0.0
-0.6432741,0.051134232,0.9315895335191512,0.0
-0.64321035,0.050922878,0.9364661959852372,0.0
-0.6433686,0.050801683,0.937387327575732,0.0
-0.64354557,0.050551224,0.9408786324374544,0.0
-0.64447683,0.049573522,0.935380749009226,0.0
-0.6455272,0.049392194,0.9364819609574072,0.0
-0.64580816,0.049367614,0.9360671090616132,0.0
-0.6466041,0.048535608,0.9350035075471288,0.0
-0.64711934,0.04862985,0.9384371284296384,0.0
-0.6472309,0.04900668,0.942159057565218,0.0
-0.64773893,0.049781427,0.9336774473441232,0.0
-0.6482796,0.050411113,0.9325150427975104,0.0
-0.64788795,0.051013928,0.9385589817693004,0.0
-0.6475731,0.051828366,0.9346472659490136,0.0
-0.6473857,0.05233689,0.9292411077041038,0.0
-0.6470468,0.052446846,0.9340774874611216,0.0049623665631438
-0.64651036,0.05195449,0.9447188435660712,0.0014369484390642
-0.64434963,0.050790492,0.9427011248568944,0.0007525255292782
-0.6430326,0.04999479,0.9326698025720564,-0.0033132310212408
-0.6410891,0.051894944,0.9282906654508464,-0.0067823044893306
-0.639692,0.052664287,0.9417272671543964,-0.009697298202414
-0.6394465,0.053702746,0.9390739203464754,-0.0107585521374247
-0.63907707,0.054993812,0.939177805995753,-0.0112767184434446
-0.63812757,0.05442959,0.941884189560904,0.0012232526819989
-0.6368192,0.05499101,0.9443726705054706,-0.0054930649175705
-0.636639,0.0551591,0.941280269191816,0.0028464849034427
-0.6350208,0.056189027,0.9430631383355472,-0.0169028807577969
-0.6357368,0.05642461,0.945334140162052,-0.0173223653492742
-0.64055777,0.056302436,0.953332741461587,-0.0414011339587653
-0.65902805,0.053573254,0.9423206577525338,-0.0639279887794093
-0.6755082,0.045513365,0.9440081907423776,-0.0759572941097455
-0.698214,0.022732178,0.9428934661103232,-0.0863608073005962
-0.73513097,0.001947523,0.9434364789925074,-0.0691369893406652
-0.7808229,-0.015256157,0.9482772556808876,-0.0376867633179405
-0.8525657,-0.03441647,0.9493668847644706,-0.1021244117673588
-0.91406614,-0.096248634,0.951823749366724,-0.1230791328210674
-1.0212749,-0.14197928,0.9555286231737028,-0.1783816362340776
-1.1039158,-0.20558625,0.9409540577343184,-0.1860374084638086
-1.1560608,-0.2664369,0.9619524083771026,-0.2454561855733572
-1.1861516,-0.34027204,0.9632901538104436,-0.2756601810645724
-1.2290795,-0.40723717,0.958638680419546,-0.3247931912174953
-1.221457,-0.45413145,0.9634900370642882,-0.3462306080174212
-1.1814966,-0.52573407,0.9618970877877732,-0.3171701918970989
-1.1552694,-0.58669955,0.9716004386849107,-0.3551106701302914
-1.1342778,-0.6366274,0.9661137689122686,-0.3653211493386321
-1.1030965,-0.67248875,0.9631880646398244,-0.3935081281743991
-1.0912791,-0.74441725,0.9618389175449548,-0.3833618250443885
-1.0268335,-0.786088,0.9724476158610784,-0.4293792515581438
-0.942909,-0.84444994,0.9719605988734455,-0.421298389511917
-0.85801,-0.86513406,0.9680067731004762,-0.432036082176169
-0.81143856,-0.90066284,0.9702865677954592,-0.4318919017807241
-0.74638194,-0.9184669,0.9652016918032612,-0.4187297228734078
-0.66927373,-0.9310948,0.978015919934584,-0.4600306150847673
-0.61970586,-0.95403343,0.9656073734115876,-0.4781727785396558
-0.5394155,-0.9455165,0.9669655576229168,-0.316558694012466
-0.47316217,-0.9496774,0.9717385848797816,-0.3584485635669987
-0.45075378,-0.9565739,0.9605315028173542,-0.4196008274595783
-0.39180955,-0.96264225,0.9789400636793876,-0.473650236489939
-0.43668494,-0.9700367,0.976399662514026,-0.4901943490086148
-0.424259,-0.9727564,0.9669230459909464,-0.4707593161662714
-0.41692537,-0.9649249,0.9713145389173112,-0.4812988051595927
-0.41977137,-0.9657292,0.9631304226981116,-0.4803726174499331
-0.41166708,-0.96765304,0.9741250252933022,-0.4916633304627243
-0.40418264,-0.970845,0.9706320423134418,-0.5032178493361062
-0.39232185,-0.9759858,0.975647669977368,-0.5242526681692868
-0.38997453,-0.9829882,0.9753290332404972,-0.5114111426311573
-0.39233828,-0.9805711,0.975050774208883,-0.572698157935927
-0.3936226,-0.97886944,0.9749338634151106,-0.5436062894181622
-0.39547107,-0.977775,0.9782855830367247,-0.5237960139505786
-0.3970182,-0.9785055,0.9745424320872152,-0.5087757609529453
-0.3977281,-0.97943836,0.9682948429230264,-0.4706636495812768
-0.3997908,-0.9794438,0.968044572701098,-0.3924129541752951
-0.4016091,-0.9796436,0.9552301568540476,-0.3014896315334564
-0.40255347,-0.97975874,0.9531400858482566,-0.1749957256635623
-0.4035361,-0.9799746,0.9618178129285668,-0.2635393924630453
-0.40385985,-0.9798179,0.9510661763000984,-0.1989499832149085
-0.40346703,-0.97916883,0.9534528470173962,-0.1823656072824097
-0.40340427,-0.978978,0.9507941218162752,-0.1237214978489586
-0.40382218,-0.97832286,0.949720938783904,-0.0969083872272018
-0.4021422,-0.97634304,0.952128253347642,-0.139351908713086
-0.40081957,-0.9771088,0.945631614102221,-0.111667016644051
-0.4002794,-0.9762014,0.9464711442384632,-0.166728198068393
-0.40102926,-0.9713701,0.9456868151646028,-0.156805515979337
-0.40123874,-0.9708032,0.9539429878016424,-0.1503207420837874
-0.40377155,-0.96819377,0.9450626623279106,-0.1365918910020739
-0.40642917,-0.96599865,0.9502788247912723,-0.1299949961009855
-0.40838957,-0.9645102,0.949709232268366,-0.1098301574493509
-0.40792894,-0.9649706,0.944796063341873,-0.1034708519809689
-0.40523034,-0.9655339,0.95294136319502,-0.116254579033865
-0.40613773,-0.96590155,0.9417062802269256,-0.1045028367062391
-0.40640497,-0.9657965,0.946627130434612,-0.0881605388969883
-0.40607187,-0.9681601,0.9406973049007654,-0.0669509689609334
-0.40592155,-0.96836555,0.9404935603123692,-0.0397643640216252
-0.40541652,-0.9678107,0.9299178688472316,-0.0148375115956051
-0.40488252,-0.9676925,0.9377839430650308,0.0260952881222127
-0.40489608,-0.9708679,0.9357758440388688,0.0237294450984227
-0.40097117,-0.9863761,0.9367948867395256,-0.0031771078081212
-0.39620662,-0.99921334,0.9365035758474158,-0.0450654098860899
-0.39710972,-1.0042156,0.9423846056495792,-0.0646472221034945
-0.39680523,-1.0066326,0.9426615277298503,-0.1022106022018808
-0.40116385,-1.0024941,0.9420228496989356,-0.1242399838742639
-0.40412322,-1.0072159,0.947081840979403,-0.1368704925152253
-0.4138545,-1.0106353,0.9555198506896782,-0.1402237882356442
-0.42192966,-1.0094115,0.9378013018824533,-0.1591212271053761
-0.4351944,-1.0084486,0.9535267938097264,-0.1569842275151321
-0.447752,-1.000201,0.9423969995704548,-0.1638922281743531
-0.4807106,-0.99398607,0.9439215129271636,-0.1654125457109297
-0.4862603,-0.98527914,0.9501502356248304,-0.1823049002678791
-0.49306485,-0.9825167,0.9443601340511684,-0.1838232706016432
-0.49506092,-0.979746,0.9447592632960928,-0.1707386945584761
-0.50700307,-0.97572064,0.9455452195989316,-0.1523560958173601
-0.51246494,-0.9591358,0.936651042843137,-0.1291643897963447
-0.5175177,-0.95677376,0.9426728362721234,-0.0872452213122129
-0.5359598,-0.9534261,0.9457608623757454,-0.0743019434680655
-0.53983223,-0.95347977,0.9397301064188692,-0.0952142637571181
-0.54913086,-0.9503779,0.9407544998144524,-0.1310267184981769
-0.56161296,-0.95222616,0.9425582507813076,-0.1274812437805891
-0.5754475,-0.9538903,0.9428626722278196,-0.0963399570937504
-0.5879568,-0.9460881,0.9392771884068968,-0.1018313964170079
-0.59706736,-0.94318235,0.9402728744482892,-0.0926331539052066
-0.60372585,-0.949961,0.9436003637215205,-0.1071182361052483
-0.60613745,-0.9499079,0.9450497624108092,-0.1253509394783778
-0.6091496,-0.9517749,0.94242370568186,-0.1428086953584793
-0.61531496,-0.95077765,0.9483902500007464,-0.1322751499590884
-0.624177,-0.946026,0.9553842183020732,-0.1518375999452802
-0.6341856,-0.9379605,0.9483795890703688,-0.1374924995310947
-0.6477005,-0.925131,0.9476671392641256,-0.1586962488369186
-0.6631753,-0.91687673,0.9506078719973108,-0.1660853392964034
-0.6753463,-0.9140739,0.9513788005515232,-0.17120769973696
-0.68289983,-0.90432626,0.9480094760903642,-0.1737845638469459
-0.69543934,-0.9008613,0.9428091768293396,-0.1707802298144556
-0.7039306,-0.90277374,0.9493652396757102,-0.1764008705541539
-0.7104079,-0.89657,0.9548500761588056,-0.1762922874920873
-0.7204229,-0.88540626,0.942917530575696,-0.1592309830061652
-0.73401606,-0.8861324,0.9452034888603256,-0.1261032761446969
-0.74056685,-0.8699547,0.9414951647392532,-0.0755033024549851
-0.74566877,-0.85884583,0.9382850991079033,-0.0678853505374511
-0.745237,-0.8480981,0.9409039738811156,-0.080919522164869
-0.7479682,-0.8354987,0.9371341064634404,-0.1120668396111893
-0.7608824,-0.8358615,0.9405971717224686,-0.1163911482883201
-0.771951,-0.83282983,0.9398101339101173,-0.1153766036346288
-0.7905994,-0.8325583,0.9476686650787884,-0.0923243833991777
-0.79830956,-0.8283929,0.9413677753523484,-0.099835811175417
-0.80799353,-0.82137626,0.9427023193395494,-0.100164165946952
-0.8199636,-0.82066584,0.9488123687427382,-0.0857059070400109
-0.8218829,-0.8160475,0.9420521948848803,-0.1321897354762089
-0.8157952,-0.80685234,0.9415800230589908,-0.1319998067186819
-0.8299683,-0.80637133,0.949826442440885,-0.1319861435603281
-0.8350939,-0.8037512,0.9354259074464748,-0.1349971640563609
-0.8444333,-0.8003579,0.9445579078598284,-0.1306235064251693
-0.8440151,-0.7907275,0.9491108672017003,-0.1125354625522927
-0.8481167,-0.7826818,0.9392051280606012,-0.1105401733060678
-0.85763896,-0.7701657,0.9528919465563432,-0.0912550012641313
-0.88254035,-0.7736095,0.932816905928001,-0.0728947938088996
-0.8995072,-0.7722002,0.9428905542203726,-0.079316238420358
-0.92832124,-0.7685953,0.9411475979244424,-0.1200919796424605
-0.9280945,-0.7685593,0.9456371709986376,-0.1284255274244424
-0.9277052,-0.76287746,0.9360552797994012,-0.1183166027187224
-0.92764753,-0.75848055,0.9483057023456332,-0.1348778150804934
-0.93991184,-0.7581134,0.936819281875202,-0.1216686163532012
-0.94524634,-0.7465859,0.9479403848192828,-0.1251655824405264
-0.95712984,-0.7321599,0.9406345246769072,-0.1857175296040751
-0.95601064,-0.72282845,0.9416120877323856,-0.1027368487446599
-0.95307523,-0.7056507,0.9487996336526447,-0.1802373693997307
-0.97800654,-0.700331,0.954827153891986,-0.1305793527021516
-0.9932673,-0.6907875,0.9451659198420708,-0.2278370587799579
-1.0000508,-0.6842616,0.9563515243406594,-0.2834733972953275
-1.018724,-0.672693,0.9532469489052684,-0.3433193964667049
-1.0230482,-0.6589251,0.9674072619283796,-0.4620021030910675
-1.0404146,-0.6571495,0.9700944241076284,-0.5126324414617945
-1.0525131,-0.656134,0.9707600455380526,-0.5955146620702012
-1.0529225,-0.6543159,0.9921024208654772,-0.617956516687161
-1.0626192,-0.6545863,0.9689814657859492,-0.6624598215917453
-1.0690519,-0.65283346,0.9825568695311246,-0.7236792870187815
-1.06633,-0.6422188,0.9782862462318952,-0.7677647538083322
-1.055874,-0.631412,0.9960872404435084,-0.7678055935200174
-1.0534068,-0.6281361,0.985032610500897,-0.7735042338246517
-1.0603832,-0.6289241,0.9855989287915524,-0.7611156967285102
-1.0624462,-0.6263305,0.9877736911280396,-0.698355340978887
-1.0669065,-0.62065226,0.9838839269363336,-0.6585116451997625
-1.0723407,-0.6072997,0.977748765369654,-0.5576715192927147
-1.0753157,-0.6006959,0.9728311019945316,-0.4860577881863749
-1.0776212,-0.5917058,0.9610575715323014,-0.4676768358618198
-1.076813,-0.5841834,0.9721907239826556,-0.3901658158278369
-1.0818374,-0.577137,0.9564138687605924,-0.4223610737501324
-1.0841707,-0.57073104,0.9710963795723382,-0.3457067311027667
-1.0845914,-0.5648656,0.95464273653395,-0.3709876398730584
-1.0848125,-0.56668043,0.961463747671667,-0.3000345386911561
-1.0828336,-0.56656766,0.9653327327360216,-0.2574873841415174
-1.0861806,-0.56548285,0.960101286996858,-0.262610389324027
-1.0897205,-0.5636035,0.9483311485646372,-0.2109087782791429
-1.0907079,-0.56061345,0.9626110330432744,-0.2177994182149106
-1.0908006,-0.5531549,0.9524666204859672,-0.2430241442477346
-1.0845513,-0.5523136,0.9601096422456556,-0.2755401544130945
-1.0807291,-0.5449893,0.9584974651016944,-0.2707852969763057
-1.0828003,-0.5343836,0.951878412462093,-0.2871337203529132
-1.0803841,-0.5244178,0.9599800978177552,-0.290546852444273
-1.0780517,-0.51832855,0.9560200868217568,-0.2952146317798313
-1.0795865,-0.5153686,0.9546040806081556,-0.2480591668990679
-1.0767652,-0.49315706,0.9577656651690806,-0.2416146631555703
-1.079711,-0.47988033,0.9531044691234366,-0.289490914616464
-1.0823425,-0.47332737,0.9534961269645176,-0.3002022339095941
-1.0849648,-0.46869424,0.96322535464515,-0.3273388634809653
-1.0906652,-0.4587875,0.955223534397477,-0.3267710521808522
-1.0936942,-0.4536242,0.9647249953424404,-0.3203275191128987
-1.0936383,-0.45177734,0.9585938778387236,-0.2969148084568455
-1.092983,-0.4393448,0.961389030153066,-0.2829775559137235
-1.0945476,-0.43703312,0.9629342927535544,-0.3616867935582911
-1.0934516,-0.43497154,0.9576863187472942,-0.355390718533867
-1.0935351,-0.43364185,0.9587272162323596,-0.3430810220064791
-1.0954543,-0.42569798,0.963805587490115,-0.3559872344355104
-1.0976346,-0.4212054,0.9543220584489206,-0.3295622171604307
-1.1006825,-0.41140494,0.9572701089503878,-0.3093868873535367
-1.1010917,-0.40501967,0.9535699440562734,-0.2454900412273131
-1.0978885,-0.39891946,0.9559924167698568,-0.2139715911321002
-1.099658,-0.38819608,0.944658017020562,-0.198302411911515
-1.1004317,-0.36665106,0.9431954870061424,-0.1507112044178272
-1.0977296,-0.36098188,0.9494725111309285,-0.1214221159822285
-1.098351,-0.3518924,0.940246656171638,-0.1561529522917102
-1.0993935,-0.3435952,0.9429050940118714,-0.1228837162335932
-1.0936769,-0.33413628,0.9448342327438204,-0.0934529972072134
-1.0920892,-0.3252949,0.9424925934446556,-0.0939194926972511
-1.0829799,-0.31222594,0.9428731832237668,-0.1019565237233403
-1.0863932,-0.30420583,0.947060402305004,-0.0912111777849917
-1.0843859,-0.2975142,0.9424414718961784,-0.1061650596695358
-1.0849315,-0.2935356,0.9437387300208028,-0.1380604372397452
-1.0874429,-0.29071265,0.9451255741289044,-0.1418121654792523
-1.1001258,-0.28743258,0.942667980721366,-0.1393528533526973
-1.0933216,-0.2853681,0.9421574276927772,-0.1253886867791805
-1.0986466,-0.2773972,0.9462188506225742,-0.1097469989238194
-1.099998,-0.2705377,0.9385636959549264,-0.0882351745640727
-1.101856,-0.2655418,0.9388236642873672,-0.0662128298901417
-1.1037934,-0.25588006,0.9381418506613468,-0.0767446354123487
-1.1066935,-0.24929667,0.9410741845873568,-0.0592048172364184
-1.1118314,-0.24292414,0.939387747261948,-0.0677419833364452
-1.1137588,-0.23680776,0.9475338484570808,-0.0723905562952922
-1.1174734,-0.23274714,0.9410357662392632,-0.0633641423825174
-1.1197057,-0.22897787,0.9338110786777885,-0.0503283586383488
-1.1183544,-0.22602436,0.9363570609050452,-0.02974250474074
-1.1165774,-0.22058032,0.9375289589057276,-0.0135580236495727
-1.1121038,-0.2180355,0.9383824875114736,-0.0126833920248536
-1.1071259,-0.21246953,0.9360408565976196,-0.0234870939730877
-1.1022284,-0.20715578,0.9386823345439504,-0.0171319368314457
-1.0978024,-0.2015349,0.9397683349415568,-0.0275869629540048
-1.0888127,-0.19754109,0.9409757256417212,-0.0237757671733066
-1.0788227,-0.19703731,0.9379769577129372,-0.022024323556825
-1.0703914,-0.19689809,0.9392406164587632,-0.0151203638588024
-1.0658385,-0.19736885,0.9357222499805156,-0.0166644473528542
-1.0637296,-0.19670758,0.9354419643248038,-0.0135563092526418
-1.059636,-0.1963309,0.940482083008737,-0.008804680294084
-1.0557289,-0.1954788,0.931751303549997,-0.0157749606136632
-1.0542427,-0.19467434,0.94147171914102,-0.0095732940315788
-1.0528555,-0.19147828,0.9399639203361148,-0.0108949712641613
-1.0509164,-0.187898,0.9395200075381416,-0.0129854141889651
-1.0438528,-0.1823618,0.9403878346035964,-0.0124813720341181
-1.0350095,-0.1807887,0.9385017979580186,-0.0110053968036187
-1.0182912,-0.17934002,0.9377601967992396,-0.0085573590981836
-1.0082625,-0.17787032,0.9398012370028536,-0.005098536703869
-1.0031037,-0.17568769,0.9351140346975564,-0.011958000673326
-0.9996225,-0.17316599,0.9410048212544329,-0.0124638012551458
-0.9955589,-0.17030084,0.9398112301583909,-0.0116600384068678
-0.99592173,-0.16581541,0.939821325981022,-0.0101138054644129
-1.0023887,-0.16181467,0.9325694101880396,-0.0083784003201149
-1.004241,-0.16069868,0.935340529878916,-0.0060805015501188
-0.99808455,-0.15916923,0.9353782500946884,-0.002044347620839
-0.9847718,-0.15651865,0.9329488662162616,-0.0024488953180822
-0.98095256,-0.15567164,0.9364523786968972,-0.0059270939346606
-0.97805953,-0.15408586,0.9352670943309545,-0.0063760414152264
-0.9722914,-0.1518018,0.9351091496561114,-0.0062153380724512
-0.96923554,-0.15122893,0.9334568214636504,-0.0060263350957925
-0.96510303,-0.15002133,0.9348464739322584,-0.0048639378259588
-0.9607689,-0.14706808,0.9409540783057212,-0.0085919264437
-0.9544792,-0.14377935,0.937353582399492,-0.0092973222402353
-0.9481883,-0.1418495,0.9369572020493336,-0.0095817979233256
-0.94796556,-0.13976948,0.93546634944006,-0.0095069155799478
-0.943648,-0.13810909,0.9331974661850636,-0.0090772206851663
-0.94034445,-0.13707751,0.9391205622594532,-0.0082831719496775
-0.9396422,-0.13702412,0.9355451030704568,-0.0070709440815582
-0.9402589,-0.13741216,0.9354205312177104,-0.0057690517004415
-0.9362413,-0.1367,0.9360179241071646,-0.0040893922587903
-0.9340401,-0.13617595,0.939320340702364,-0.0020649002554603
-0.9319032,-0.13538568,0.933605377611585,3.088291476147121e-05
-0.93038464,-0.1346621,0.9390751934381254,0.0026700094377253
-0.92919034,-0.13382837,0.9317624379579078,0.0021642114836471
-0.9276797,-0.13146763,0.9399601054653054,0.0004826541924649
-0.92421895,-0.12993267,0.9362386009563108,-0.0004436064416499
-0.91597974,-0.12731078,0.9390917769510438,-0.0015989839907882
-0.91219515,-0.12335798,0.937010206140876,-0.0031082668365349
-0.90900874,-0.12208882,0.9407278002147718,-0.0016110831448728
-0.905562,-0.11940456,0.9349789489651764,-0.0021277373788202
-0.89676374,-0.11449784,0.936754211728772,-0.004679250368541
-0.8937609,-0.110975586,0.9362873121874672,-0.0081619388096342
-0.8907234,-0.10754333,0.942659412807379,-0.0107860306590917
-0.8850536,-0.10413822,0.9384043569277964,-0.0127831725501222
-0.8747749,-0.10232047,0.9298940078640396,-0.0139836298056448
-0.8687457,-0.10069355,0.9322016123346856,-0.0149004851979885
-0.86241513,-0.097288266,0.9344375768918836,-0.0124892689256444
-0.84719056,-0.091811,0.9311967112622728,-0.0111611816608986
-0.8378877,-0.08711168,0.9295011263041972,-0.0135217326547308
-0.8277715,-0.07709966,0.9341267909553532,-0.0110961183863515
-0.82651204,-0.06844435,0.930670636908935,-0.0140204483186735
-0.82168067,-0.059420686,0.9338682244278932,-0.0156908939309415
-0.81189704,-0.054966386,0.9340366017485706,-0.0154000358044044
-0.7997859,-0.055839494,0.9370177703779728,-0.0197081831547375
-0.8004294,-0.043807313,0.9332812134850134,-0.0199465281697499
-0.8048022,-0.033990975,0.932204983450605,-0.0198972966109454
-0.80563414,-0.0316075,0.9292664321344016,-0.0088679108431766
-0.80655,-0.028327491,0.9349190081575424,-0.0132431740344095
-0.8111083,-0.029288389,0.926967927481668,-0.021983776293629
-0.81556,-0.029631063,0.9282520933437322,-0.0262663806156571
-0.8220791,-0.032610096,0.9342854660375388,-0.0293725914251226
-0.8327886,-0.034589477,0.9327257497705518,-0.0309470392390797
-0.8536198,-0.035440616,0.9285187001090092,-0.0309606715708514
-0.89008284,-0.053806502,0.9297912400917872,-0.0287700632034297
-0.9305734,-0.07019895,0.9295604670716596,-0.0206062387738725
-0.960592,-0.11365292,0.9296079690046384,-0.0196077060267251
-1.0176026,-0.13057786,0.9223445133541308,-0.0214013857971273
-1.0689329,-0.17365833,0.92933924048636,-0.0207668802968964
-1.099926,-0.2104668,0.9309516666701292,-0.0155999789560139
-1.1208388,-0.26649606,0.9248991119840768,-0.0243421154734395
-1.125283,-0.32654735,0.9305148161816252,-0.0258046610743041
-1.1405797,-0.37039733,0.9327424750269492,-0.0228141736027211
-1.1704661,-0.41009063,0.923539298496296,-0.0232555402391115
-1.1737084,-0.44124067,0.9328465685373518,-0.0212711984584385
-1.1814404,-0.4632685,0.92764318805615,-0.0173752612452532
-1.1822653,-0.47925976,0.9358176044116728,-0.0116441195253043
-1.1770313,-0.50211424,0.9346913802000906,-0.0271319561512765
-1.1727366,-0.5121334,0.9305323756242772,-0.0265478565589669
-1.165202,-0.5400844,0.9353212347667568,-0.0248824103201462
-1.1611507,-0.5609248,0.9327925091206168,-0.023382994112515
-1.1575822,-0.5866335,0.9299136168330484,-0.0199955453745397
-1.1482613,-0.6197385,0.9360351966814748,-0.0155966727384264
-1.1406343,-0.64902073,0.926532769658844,-0.010158311903612
-1.1283691,-0.6695301,0.934812859029493,-0.004679924696446
-1.1199378,-0.69019437,0.929278091499825,-0.0063307289581288
-1.1161871,-0.7040176,0.9323053202168042,-0.002676445178528
-1.1037085,-0.72119,0.9350727997662636,0.0019987241877037
-1.0967324,-0.7386921,0.9323819205912672,0.002549406052208
-1.0907289,-0.75439775,0.9302406229313704,-0.0002115340720067
-1.0679666,-0.76269263,0.930487259325957,0.0011359836459379
-1.036093,-0.7740118,0.9390019942422984,0.004147670303197
-1.0059178,-0.7851146,0.9287701225636747,0.000756407403033
-0.9821768,-0.7994121,0.9297319166701066,0.0001101172209413
-0.9518893,-0.81804097,0.9264094516730488,-0.0004640793888051
-0.92248154,-0.82532316,0.9340900716229288,0.0030133391770363
-0.90713304,-0.83984894,0.9294988052813706,0.0001603514130459
-0.8852838,-0.8517504,0.9292873819329815,-0.0023631387250244
-0.8501813,-0.86252487,0.9319513886430824,-0.0045076510383889
-0.82911336,-0.863469,0.9320148256390458,-0.0057471171411042
-0.79919016,-0.8684527,0.932953999852398,-0.0031975622691407
-0.7756467,-0.8766929,0.9320349534194396,-0.0066672331278021
-0.7584421,-0.88635343,0.9210073085156668,-0.0101351000471654
-0.73793834,-0.9035489,0.93437463419092,-0.0071358578745793
-0.7176924,-0.9155637,0.935185156343403,-0.0068431224533333
-0.6923607,-0.9157914,0.9342688654589384,-0.010884486630678
-0.67862165,-0.9185206,0.9369105220126328,-0.0053536754545132
-0.65925825,-0.9287796,0.9332310560165183,-0.0026496673270136
-0.6499797,-0.9284471,0.9316570482053996,-0.0283552344986501
-0.6320501,-0.93924683,0.9333114642735896,-0.0501014755729154
-0.6265733,-0.94945365,0.9400383422433992,-0.0353565315942537
-0.6117445,-0.9479262,0.9358436600150548,-0.0687067915653736
-0.59452516,-0.9512219,0.9416351189092286,-0.0961391256613647
-0.5685788,-0.9598246,0.9373257886626556,-0.1170341629978014
-0.5528982,-0.95630735,0.939137439832234,-0.140004324507917
-0.5420916,-0.9703197,0.9474207672800152,-0.1270375074299965
-0.5205323,-0.96675986,0.9381193968975502,-0.1576742381318416
-0.5139748,-0.9677822,0.9435038773354828,-0.1764078838808916
-0.4873371,-0.96504277,0.948385385827486,-0.1784204538156609
-0.47174034,-0.96374226,0.944678300370634,-0.2001244190797341
-0.46397185,-0.9671507,0.9514541046407384,-0.2266008184338026
-0.47355112,-0.97335434,0.9476621585054414,-0.2149971090055285
-0.47699454,-0.97350055,0.9555432714286498,-0.2096546266407895
-0.47395697,-0.97422475,0.9506634473309212,-0.1974314365975716
-0.47106463,-0.97246206,0.9585830730216924,-0.1669520245764273
-0.46920353,-0.97265244,0.9491830410811326,-0.2044552455448205
-0.4704801,-0.9714121,0.9562283773506236,-0.2429272278599952
-0.47353187,-0.97234285,0.9552713821118082,-0.2556166452494954
-0.46812403,-0.971811,0.9493281000214904,-0.2561963282750987
-0.4604441,-0.9689001,0.952173397167529,-0.276793450217408
-0.45036858,-0.9624759,0.95647694568484,-0.3057810276888559
-0.44575903,-0.9586274,0.9582871859733468,-0.3197848866832743
-0.4438721,-0.96075666,0.9605012183559442,-0.3125166552165334
-0.4451873,-0.9659465,0.9637615063990412,-0.3323228441639747
-0.44516656,-0.9676338,0.9557820933142156,-0.3374295107514942
-0.4460903,-0.96949184,0.9580866939276654,-0.3612831854809732
-0.44516802,-0.96968204,0.9591490962997924,-0.3658746433566246
-0.44502163,-0.9699457,0.963220020672276,-0.2995015549085798
-0.44485405,-0.9701283,0.9492533369066024,-0.3228223595104946
-0.44553602,-0.96871144,0.959893544695534,-0.30409884682963
-0.44647297,-0.96891797,0.9553839993378946,-0.283809029693969
-0.44796005,-0.9699609,0.9627563648656826,-0.2774962240461594
-0.44604278,-0.9693715,0.9510985811825224,-0.2979770446250553
-0.44334286,-0.96849585,0.9569346228592814,-0.2643172623909938
-0.4425833,-0.96754336,0.9577272504922256,-0.2971256629654364
-0.44200274,-0.967104,0.9554726061244458,-0.2846816936672384
-0.44148624,-0.96650696,0.956173144882288,-0.2943487300916255
-0.4403879,-0.96542114,0.9572619261439194,-0.3368034620539619
-0.43817514,-0.9641824,0.9625697572790168,-0.3369514825417848
-0.4362348,-0.9637149,0.963650213192983,-0.3347316114076065
-0.4353828,-0.96562445,0.9675747081841852,-0.3405033975218047
-0.43306398,-0.9660488,0.959007933894792,-0.3581785787134077
-0.4295873,-0.967349,0.9629172337939164,-0.3644588072843455
-0.42984182,-0.9689929,0.9631209273477452,-0.2699042444550671
-0.43037972,-0.9695412,0.9569317347876256,-0.318833981277626
-0.43184435,-0.96982354,0.9665255394368564,-0.3254503230258348
-0.42343056,-0.96535534,0.959829313273828,-0.3445671782081029
-0.419668,-0.96219873,0.9566538504415748,-0.3626548288237411
-0.42217466,-0.9584791,0.9716341544662211,-0.3182176122861193
-0.41946796,-0.95312274,0.955495364103028,-0.3344607643264615
-0.4189704,-0.9529122,0.959817759079811,-0.3616177568482783
-0.41332737,-0.95051783,0.96452781328902,-0.3457824733232374
-0.4086767,-0.9469723,0.9531477714339158,-0.309479272705313
-0.40178716,-0.95490783,0.9613270634645766,-0.3158398736818693
-0.40028676,-0.96634793,0.9522992767068886,-0.3136560718690025
-0.400009,-0.96803063,0.9535843614665784,-0.3047785111740124
-0.40015742,-0.9752265,0.9631838099694034,-0.2630373968924865
-0.40501648,-0.98017335,0.9491394846677258,-0.2394706450245522
-0.4073529,-0.9830977,0.9497043190635016,-0.1732404890581245
-0.4143761,-0.9860742,0.9448079370162488,-0.1531033750858927
-0.4327044,-0.99007094,0.9400950675547332,-0.1372096230807678
-0.4519401,-0.99417645,0.9360445586740022,-0.0646480062626368
-0.47416845,-0.98843837,0.9401789083854992,-0.0418702280581208
-0.49986106,-0.98379344,0.9366467753715608,-0.1225646830175795
-0.50883305,-0.98090583,0.9558268545314133,-0.1554753301465796
-0.5390617,-0.97871524,0.9396878736894196,-0.2181422880694131
-0.55709594,-0.9752844,0.9593398507356884,-0.2249244878259469
-0.57285553,-0.96956503,0.9553359425599716,-0.2974829598234258
-0.589814,-0.9655074,0.9603327497366888,-0.3529135999236961
-0.60542625,-0.9639521,0.9619311557609632,-0.4003635692472463
-0.62258935,-0.96195704,0.9688632971084388,-0.4360772046720706
-0.62890506,-0.95290333,0.9681218558142424,-0.4539924846248117
-0.645108,-0.941051,0.9594437053054888,-0.4631865141562363
-0.6535613,-0.9251111,0.9688674813124688,-0.4631998761456178
-0.6621535,-0.9163473,0.9628642281421376,-0.4448958860555613
-0.69245625,-0.9082375,0.9591752933550532,-0.3758160216013873
-0.71019727,-0.8978034,0.9543311038779576,-0.2772208319452124
-0.7358446,-0.8926594,0.9453457648756872,-0.2443858741260516
-0.7549378,-0.88217866,0.9529383537398716,-0.2047522258133897
-0.7623986,-0.87135714,0.9389551023214738,-0.2135145458971711
-0.784875,-0.85812175,0.9451176232744108,-0.2709310908178403
-0.7907932,-0.8532951,0.9620347954885268,-0.3442052044679237
-0.8023996,-0.8472105,0.9626197994726928,-0.3897294296038163
-0.81894654,-0.82895756,0.96200207929832,-0.5155124909799194
-0.83378595,-0.8218782,0.9701532144691378,-0.59301126813401
-0.84662366,-0.8164326,0.973176851328237,-0.7105840212444905
-0.8552154,-0.81634825,0.976020879592191,-0.7972778544146283
-0.87285537,-0.80962163,0.9943321182076412,-0.8390965155866092
-0.8774822,-0.8034869,0.9906664604089712,-0.9106965613362806
-0.88842905,-0.80206484,0.9989139030784682,-1.0
-0.8969609,-0.79912573,0.9986793639195628,-0.9579010902044528
-0.9066101,-0.7926195,0.9960179044350408,-0.9990850529326007
-0.91112053,-0.7873655,1.0,-0.9821485008092212
-0.91360873,-0.7788047,0.9850160277002972,-0.9001530718030099
-0.91857,-0.77269834,0.984482666525472,-0.8041471122137946
-0.92873,-0.7646289,0.9800012967422888,-0.80144806646027
-0.9442044,-0.75148606,0.9680023363857336,-0.8104937216396629
-0.957107,-0.73281384,0.9906064080503524,-0.6937884419013572
-0.9752555,-0.71563303,0.963904143605279,-0.655591621216275
-0.9841428,-0.7046417,0.9720009866818088,-0.6679872803959627
-0.98716,-0.6936774,0.9790592539287928,-0.5862805292887702
-0.9877007,-0.6856661,0.9655624392025616,-0.5785399387029173
-0.9947492,-0.67193335,0.9622335143317746,-0.5870062136677229
-0.99939054,-0.6697375,0.9805639960267464,-0.5839409234090152
-1.0156313,-0.6633353,0.9707169632635924,-0.6448735497608654
-1.0320599,-0.64912283,0.9711136532684428,-0.5826846179599605
-1.0327874,-0.64165354,0.9674357889213046,-0.5507010926922524
-1.0364159,-0.62836176,0.973711636912752,-0.5210758413985425
-1.0544469,-0.62783086,0.967524317526678,-0.4580655486678782
-1.0662612,-0.61700255,0.9533844082953198,-0.4608468476012382
-1.0705091,-0.61262417,0.9611162397997868,-0.4241311526978313
-1.0869825,-0.6021666,0.955938295428164,-0.376367708531671
-1.1057429,-0.5841494,0.9538665376508768,-0.2755235239580636
-1.1178391,-0.58311504,0.9496048722167048,-0.2970131485059661
-1.134028,-0.5743836,0.9437222905501108,-0.2661563746918954
-1.1345453,-0.5668358,0.9474333197242456,-0.2081705584821817
-1.1193904,-0.5583803,0.9408067996278716,-0.1958061660503524
-1.1226808,-0.5492965,0.9421884150219344,-0.1343257916810167
-1.128401,-0.5461817,0.9345693860363076,-0.2139690256701763
-1.1311017,-0.5362498,0.9426364861786812,-0.2462894801251063
-1.1419705,-0.52476126,0.944338864754118,-0.2634027212498706
-1.1538061,-0.52211565,0.9476732027077338,-0.2775616584790262
-1.1539978,-0.5187106,0.9486296044691874,-0.2830017412433581
-1.1525359,-0.5060763,0.9441797750315136,-0.2707095686112767
-1.1572267,-0.50010395,0.9430150840621389,-0.2559541110074161
-1.1607956,-0.4851834,0.9471951501230922,-0.1985191739606935
-1.1503239,-0.47362095,0.9438159176088649,-0.1804732330258601
-1.1418016,-0.4657349,0.9341783249672236,-0.1439611885817405
-1.1286682,-0.4588067,0.941890963490445,-0.1499695178416218
-1.1286379,-0.44865438,0.938280681808104,-0.1380679478401963
-1.1275076,-0.43498954,0.9379124459107652,-0.1176283293172647
-1.1281224,-0.42412353,0.9368241512736528,-0.081391834585804
-1.1219382,-0.419344,0.9347481972369864,-0.1139679541885286
-1.1154807,-0.4126155,0.9393155429915018,-0.0978970431505158
-1.1130003,-0.4063981,0.9356424821084124,-0.0997526565369145
-1.1125304,-0.40399238,0.9393988085385744,-0.1299483998516183
-1.115999,-0.39109567,0.9400602355767006,-0.1239459264784526
-1.1168771,-0.37892488,0.9344060883634976,-0.1188771624529178
-1.1148454,-0.36918274,0.9351862736915022,-0.1086927193961998
-1.1124743,-0.35339537,0.9294322541188048,-0.1082793898625769
-1.1081347,-0.34704733,0.9409989732757964,-0.0981330298246846
-1.1056806,-0.34106037,0.9325721553418812,-0.0814961638729262
-1.1005132,-0.33420646,0.929454136212434,-0.0575674916417662
-1.0893371,-0.32148427,0.9276149046424128,-0.0318194936937452
-1.0870415,-0.30274802,0.9348059925565056,-0.015513206469813
-1.090352,-0.28912523,0.9264751513398948,-0.0321558110532273
-1.092007,-0.26420304,0.9327373583757352,-0.0171214993797302
-1.0978135,-0.25847644,0.9277165828576732,-0.0271654865126123
-1.1017976,-0.25559393,0.932905331985296,-0.0309538515662581
-1.1003534,-0.24189052,0.925789367990652,-0.0260411813752394
-1.0896026,-0.2402212,0.9294191547865872,-0.0187715950734931
-1.0838137,-0.23535143,0.9253316303482082,-0.0096283632207798
-1.0723662,-0.23068202,0.9352961441886278,0.0015069594863875
-1.0601802,-0.22028086,0.9301367168994236,-0.0140284843411292
-1.0426394,-0.21159124,0.927655372912974,-0.0124010368656472
-1.0230688,-0.19884188,0.935418303593156,-0.0101215736726669
-1.0190881,-0.19058338,0.9302949255338774,-0.0089431792640843
-1.0198377,-0.18326955,0.9367193301922304,-0.0076958108264831
-1.0186571,-0.168285,0.937796305501911,-0.0075888568619898
-1.0197103,-0.15455045,0.9358226760634214,-0.0054125494663625
-1.0092213,-0.14650406,0.9342842684875368,-0.0020104245555464
-1.0064528,-0.13924783,0.9378055479711488,0.0003186779995388
-1.0018034,-0.13395007,0.9388557988041588,0.0031795225512084
-1.0021161,-0.1283026,0.9381049950859688,0.0001548641999933
-0.9969827,-0.123754114,0.9346909414172018,0.0015461480367936
-0.9987341,-0.12080186,0.9338567112600004,0.0002041937097668
-0.99023455,-0.118874304,0.937361799336751,-0.0012901147934566
-0.98091096,-0.11948746,0.933242385384448,-0.0025660676462892
-0.9627635,-0.11667821,0.9318841691080922,-0.0036330444369358
-0.94572514,-0.11248709,0.9320156617579348,-0.0044701240518541
-0.9449025,-0.10878964,0.93505681394617,-0.0050888480163816
-0.9523535,-0.10394482,0.93540581480009,-0.0054892163305182
-0.9546185,-0.10169751,0.9305933624051886,-0.0056719394286202
-0.95317084,-0.09902583,0.936212184492478,-0.0056334345048425
-0.9536902,-0.092979036,0.9365169694844804,-0.0053765739306739
-0.9448699,-0.08680105,0.927720823605664,-0.0038603337828746
-0.93609595,-0.08046808,0.9409723734992572,0.0002958208273768
-0.9291519,-0.080106206,0.9323488605363682,-0.0019929361255518
-0.9213951,-0.07878877,0.9329959088560236,-0.0037048363301063
-0.92282695,-0.07400832,0.938323582407173,-0.0065580730319967
-0.9222851,-0.07069289,0.938699588009141,-0.0079169156072934
-0.9161911,-0.0690669,0.9352593506326417,-0.0077821123336865
-0.90534014,-0.06853786,0.9396762764896992,-0.0089260400381848
-0.89590293,-0.06802421,0.9415559090240472,-0.0094623507864299
-0.8886772,-0.068054035,0.9397380820524364,-0.0093873007894033
-0.8872402,-0.06596487,0.9368147848028135,-0.0126112608162361
-0.88542897,-0.06320065,0.9395050916700268,-0.0128766128923596
-0.8836686,-0.06176764,0.9427304935083286,-0.0126686417763593
-0.8806259,-0.059843794,0.939671451652894,-0.0119914253332545
-0.8776887,-0.058020454,0.9384619240019828,-0.0108452462278736
-0.8746433,-0.05600782,0.9380525781059807,-0.0092301044602166
-0.8731311,-0.05434986,0.9364348197524902,-0.0071230207495071
-0.8724437,-0.05305953,0.9378020175761752,-0.0045653104626218
-0.8717364,-0.05288836,0.9390781243136448,-0.0015386375134604
-0.86994565,-0.05197212,0.9389817953272118,0.0019939529350059
-0.8685547,-0.05035292,0.9403936315136096,0.0037316071193766
-0.8680419,-0.04846756,0.936735068517698,-0.0010274764784298
-0.8677886,-0.04754884,0.9349026632196464,-0.0003799591914159
-0.86636496,-0.047535777,0.935012434020089,0.00035829068176
-0.86404186,-0.0474438,0.9399225462141336,0.0030279121055127
-0.85966074,-0.046884798,0.934391195698386,0.0007781896002124
-0.859857,-0.045799743,0.9363676471575928,-0.0001512919467488
-0.8581366,-0.04424467,0.9385407308568166,-0.0009646093461183
-0.85813904,-0.04360206,0.9363171423840077,-0.0016680843415389
-0.8566711,-0.042066876,0.9337668114208816,-0.0022479233056494
-0.86033124,-0.039013535,0.935252495448943,-0.002711598122168
-0.8565231,-0.038737077,0.9400280121194232,-0.0030591087910947
-0.85474604,-0.040367026,0.936184800687136,-0.0032921651082464
-0.85051566,-0.04057049,0.934141689440278,-0.0034061973419141
-0.8496028,-0.04074488,0.940778597043108,-0.00340406542799
-0.84938806,-0.04058202,0.9358344938930544,-0.0032840173545398
-0.84882766,-0.040395647,0.9330995552651123,-0.0030484070053567
-0.84883976,-0.040335707,0.9380199690087266,-0.0026966325085818
-0.8495219,-0.04034741,0.9319377917148338,-0.0022234800445298
-0.849497,-0.040449727,0.9376917454371102,-0.0016382271124958
-0.8499626,-0.04096861,0.9390586548478146,-0.00093681003287
-0.84477615,-0.04319524,0.932635410744202,-0.0001105531782161
-0.84471965,-0.043772228,0.9348070662316148,0.0009817154561634
-0.84517175,-0.045618687,0.9407415615178326,0.0021605905261886
-0.84454185,-0.04640082,0.9393208200132692,0.0027431291027328
-0.84422725,-0.043630254,0.9290836240103704,0.0010354270931103
-0.84029543,-0.041157044,0.9360505762933896,-0.0004786757488522
-0.8367733,-0.036207993,0.9338563226274664,0.0018876586272866
-0.8274031,-0.030366257,0.9344606895570224,0.0002395195712746
-0.8275939,-0.029571569,0.9404934840317516,-0.0036050710922054
-0.8276608,-0.028302616,0.9367392990560864,-0.0069030472384174
-0.8262297,-0.027468072,0.934202405455573,-0.0094053247905378
-0.82606214,-0.025638506,0.9357617056590978,-0.0117737121715842
-0.8315677,-0.021507446,0.9358655433322288,-0.0135763969618872
-0.828625,-0.021346608,0.936028411851494,-0.0148227982742815
-0.8233745,-0.020424262,0.9379489562978108,-0.0154884768673477
-0.8218407,-0.01877276,0.9352422551322344,-0.0155884528696704
-0.8251546,-0.014912262,0.9362030012738972,-0.0149597231297097
-0.82510406,-0.013840716,0.9405281545616412,-0.0140465076884152
-0.8264602,-0.013903753,0.940145823823444,-0.0125529378811979
-0.8151845,-0.024870083,0.9398406557464596,-0.0104555783179834
-0.81255156,-0.022846809,0.9415163537708764,-0.0077955536960896
-0.8285863,-0.024151227,0.9354679000345344,-0.0048426852484627
-0.8424497,-0.03281266,0.9374734669468456,-0.0015705231219615
-0.8860063,-0.05514289,0.9352051956721262,-0.0017829700979236
-0.92149997,-0.066301964,0.9398328339275994,0.0010284357862637
-0.9609384,-0.11342118,0.9354564855749972,0.004226596868714
-1.0208249,-0.14531429,0.9397168270055096,0.0013528822697928
-1.0580927,-0.18600729,0.9373150003451948,-0.0003401417160913
-1.0998106,-0.23508114,0.9329654325255036,-0.0003166778993292
-1.1369383,-0.2967203,0.9407431270028505,-0.0002356073316574
-1.1899956,-0.3415494,0.9360410533906984,-0.0006299030805718
-1.2056584,-0.37938216,0.9301192710513304,-0.0006501264214939
-1.2170281,-0.4167884,0.933666165659288,-0.0006325480529352
-1.2088865,-0.449914,0.9343596631010525,0.0003372634454759
-1.2034519,-0.49370676,0.936548309099428,0.0007965380860732
-1.2030925,-0.51057476,0.9316702060469708,-0.0004903404290692
-1.2012794,-0.52124,0.9329963223879916,-0.0014370919240904
-1.1946251,-0.557247,0.9360324775903064,-0.0022305756219689
-1.185023,-0.5829259,0.9297140065372445,0.0019166536011403
-1.169179,-0.60441566,0.93305441019916,0.0110499659126781
-1.1641254,-0.62456495,0.9318256842744184,0.0015276629963338
-1.1538392,-0.6491389,0.9292808428019748,-0.0060619414327724
-1.1464512,-0.65768945,0.9351046289264384,0.0087525897407581
-1.1447159,-0.6795287,0.9348181532974928,-0.0033001311121428
-1.1208829,-0.6958564,0.9332791666256368,-0.0148378388677741
-1.1136042,-0.700476,0.9372472121522843,-0.0392050615148194
-1.1101183,-0.7104396,0.937118061093036,-0.0624064946921214
-1.1002024,-0.71906054,0.9440734911001316,-0.078692387365595
-1.0896449,-0.73538566,0.9439200485257544,-0.0964994540671309
-1.0798315,-0.74947125,0.9392728197804684,-0.095428428070034
-1.0676842,-0.7639691,0.9443507816168648,-0.1016412096524517
-1.0465642,-0.78089297,0.9429380109929492,-0.1124954459730027
-1.029041,-0.7958772,0.9433439180510012,-0.1062155305645464
-1.002724,-0.7964881,0.9448453253427116,-0.1115444423475
-0.9822847,-0.8082784,0.9445107878578825,-0.1209021298158727
-0.9661141,-0.8233783,0.9409761987203252,-0.1145621579721663
-0.9385461,-0.83269584,0.9448057605026114,-0.1265356187637973
-0.91024923,-0.8427667,0.9443401703633012,-0.1295201756488338
-0.893027,-0.8446253,0.9499866997059112,-0.1446585920513738
-0.8663291,-0.86529887,0.942510478084501,-0.1068346933050011
-0.8430907,-0.8828751,0.9464231921746556,-0.1499603464526482
-0.8229921,-0.88763475,0.9426761935359124,-0.1732627538294433
-0.7994834,-0.90160555,0.9548763309060528,-0.1957973693867861
-0.7665283,-0.9091901,0.9422155501420456,-0.2326152715469642
-0.75589645,-0.90703976,0.9544461845206604,-0.2623317420612388
-0.7301967,-0.9170003,0.957144828781833,-0.2851294961289229
-0.71261746,-0.92421305,0.958038260890602,-0.2831318242221786
-0.6992383,-0.92642105,0.94685084491396,-0.2806357617401184
-0.6778138,-0.93528926,0.9568207950400814,-0.2550632938769914
-0.6641995,-0.9437221,0.9559633739274562,-0.2783010386459752
-0.65909654,-0.94777626,0.9518703111820974,-0.2486814393959289
-0.6478234,-0.9467062,0.9479181749149092,-0.2699940011598737
-0.637731,-0.9508616,0.950149356568923,-0.2687940493572709
-0.61934733,-0.96662617,0.9516174682807717,-0.2992188543248976
-0.6013288,-0.9685946,0.9558237643879444,-0.2652772858575856
-0.59557533,-0.97548115,0.9582160699158638,-0.298783640456276
-0.5815692,-0.972628,0.961999636758088,-0.3144469949456132
-0.56588763,-0.97357434,0.9602672577486248,-0.3378693013121176
-0.5526988,-0.971833,0.951669483862001,-0.2992101357360028
-0.5347027,-0.9728665,0.9642044995992528,-0.3995554751354891
-0.5162325,-0.9698271,0.9652793952970676,-0.4056501837127203
-0.49192488,-0.9679994,0.9619633977040066,-0.3940277161379452
-0.4701695,-0.9628131,0.9660163496375038,-0.4293837103154154
-0.45378911,-0.96123207,0.9712052881573332,-0.4485041141276558
-0.44036406,-0.9592615,0.9659710556849268,-0.4408032765644502
-0.42909408,-0.95596004,0.9613100385222544,-0.4124203290990931
-0.42437175,-0.95514596,0.9638871569233312,-0.369901878856062
-0.42111656,-0.9530548,0.9583048059225004,-0.3567157996886835
-0.4229456,-0.9547328,0.9563218227355368,-0.3129699386814329
-0.4258513,-0.95639503,0.9574289900671256,-0.2715088538352953
-0.42960185,-0.9626145,0.948726222778886,-0.2815834213194202
-0.42955437,-0.96555924,0.9488330279056016,-0.2661045424895422
-0.42874372,-0.968532,0.9484138338610508,-0.2344289725956742
-0.42811948,-0.96941066,0.9463621377749512,-0.1931660428760237
-0.4257771,-0.9711542,0.9381463362337789,-0.2046854914474467
-0.42895582,-0.9759771,0.9445275171722436,-0.1668558039072483
-0.43389744,-0.98054796,0.9399595509692128,-0.1619544488262896
-0.43527687,-0.9798626,0.9425377643248244,-0.0887116465386122
-0.43178216,-0.97527546,0.947181648349292,-0.1609274296016511
-0.42964554,-0.97384024,0.9401457894211932,-0.1653433417459483
-0.42707798,-0.97152376,0.9481937506907476,-0.1947704082602594
-0.4290022,-0.9726483,0.9496500092859032,-0.2262064145257799
-0.42786217,-0.9701839,0.947913260001152,-0.2200650659217072
-0.42766353,-0.96966034,0.9483248350406984,-0.2370001793784648
-0.42737085,-0.96860236,0.9463665270900556,-0.1654141443935583
-0.42610696,-0.9669592,0.9491912725318518,-0.2084332383829898
-0.4255953,-0.9658011,0.9523645919225652,-0.2168119700656321
-0.42681846,-0.9655434,0.9485445006493508,-0.228924783010876
-0.42637187,-0.96375936,0.9595132370831028,-0.2501358589574432
-0.4263236,-0.9624932,0.9528874130371044,-0.259297625569175
-0.42625976,-0.9625434,0.9520068791060036,-0.2891291333975097
-0.42918062,-0.96287864,0.958179619399691,-0.2850292135265497
-0.42830044,-0.9629225,0.9494017035582952,-0.2589402500167339
-0.42618716,-0.9590613,0.9528343924218692,-0.2214618232646766
-0.4280677,-0.9594226,0.959747653318416,-0.2146438694587892
-0.43421882,-0.95837873,0.941399768521637,-0.2278829419672456
-0.432709,-0.9590068,0.9555685607425062,-0.2061156916305845
-0.43158486,-0.9609698,0.9525429129860652,-0.2326940884646787
-0.45448324,-0.96139914,0.9485366362442624,-0.2210290221000296
-0.48396757,-0.964607,0.9522280889974196,-0.2062634253137035
-0.510051,-0.9652394,0.9435101189457058,-0.2028917244891269
-0.55234903,-0.94810337,0.9434655755961048,-0.1869398068014244
-0.6219223,-0.94906634,0.932733368793068,-0.1750074012765748
-0.6659383,-0.9528981,0.9476160117460808,-0.1672158230589093
-0.69337314,-0.9524831,0.943048651765426,-0.2312459875983096
-0.7003218,-0.910388,0.9503570343749864,-0.2000139219909719
-0.7237852,-0.8873031,0.9419636498106708,-0.2527424999846114
-0.7323627,-0.8497381,0.9423941397088884,-0.2713735712467873
-0.77098495,-0.83547807,0.951470794055478,-0.3065767252351996
-0.81448966,-0.84440356,0.94234821224306,-0.2874793459134248
-0.8559643,-0.8232913,0.9560054138524428,-0.2903629095228834
-0.94597936,-0.8033395,0.9442621256080916,-0.3020090769418892
-0.94767845,-0.7580971,0.9552784660160534,-0.3442169502261442
-0.9986347,-0.71886563,0.957804342572768,-0.4139086876615808
-1.0843468,-0.695305,0.9578151270668556,-0.4485444373411925
-1.1276698,-0.6686766,0.9689316956935704,-0.4915301256654731
-1.1472814,-0.6198997,0.9607920645312822,-0.4970827705628944
-1.1917012,-0.55783635,0.9673275935380612,-0.4718815933570383
-1.2083672,-0.50540257,0.9682279111129926,-0.4702103714906528
-1.2380563,-0.4720167,0.9693840123513344,-0.4447869506015029
-1.263359,-0.41616628,0.9588631814658594,-0.4145385403946436
-1.2637236,-0.36740577,0.9542541058589912,-0.3946927437961428
-1.281298,-0.2875854,0.960452428436187,-0.3324807284831712
-1.2547054,-0.2553715,0.951350223141648,-0.2837939551454445
-1.2179111,-0.20194599,0.9486945487392188,-0.2008585649588158
-1.1486406,-0.16502969,0.9476922505975705,-0.1949575934636389
-1.1024926,-0.11674974,0.937466773080438,-0.1404587921484378
-1.0498363,-0.05720602,0.9467064711258556,-0.0648811168790934
-1.001045,-0.018422399,0.9285527784893756,-0.0255072321279558
-0.9472462,-0.007021431,0.9312366567942844,-0.0005532279371384
-0.90877473,0.003361198,0.9319458074344988,0.0438789037758835
-0.86000407,0.020463085,0.9149249546071084,-0.0029302382771247
-0.83084744,0.024504293,0.9389134775955944,-0.0147956072326958
-0.7915794,0.013184975,0.930022102825879,-0.0383700079410098
-0.7529758,0.016074765,0.931558282371716,-0.0427277066663287
-0.72272015,0.030586237,0.9390016771869192,-0.0441517570363124
-0.7048791,0.039807104,0.936842395526652,-0.0460541982177874
-0.67819977,0.039740313,0.9371258519004452,-0.0554069970684794
-0.6606692,0.035155553,0.9353259906472664,-0.0547081732591925
-0.62936753,0.043026134,0.9351549799994304,-0.0540636454133605
-0.62349886,0.044183943,0.9387960680714802,-0.0497383715630415
-0.6278156,0.042927194,0.9392731217498178,-0.0498319624049267
-0.6259995,0.038494714,0.9377675952579712,-0.0440866021454722
-0.61266756,0.033666417,0.9420199504243604,-0.0361106453730703
-0.60870117,0.033059403,0.9362498799632942,-0.0261476994733591
-0.6069017,0.03402701,0.9333106823644316,-0.0187943832309355
-0.6069504,0.036230654,0.9474843489293078,-0.0068126469137777
-0.6099832,0.03615753,0.9320980822281872,0.0068552930493845
-0.612656,0.034465708,0.9350145442293032,0.0223180195796454
-0.6127616,0.03421462,0.9453230712497788,0.0122343389923758
-0.6135511,0.032198954,0.9180946856941272,0.0004929409012888
-0.61469,0.03181713,0.9508256180747104,0.0001748298144819
-0.6152471,0.03180968,0.941481184883134,-0.0002014001913522
-0.6165593,0.03146559,0.9310530953846556,-0.0006261616288528
-0.62387365,0.03160085,0.9213386467340418,-0.0010660868296101
-0.6294376,0.032459866,0.9135150070354467,-0.0014994600962328
-0.6343017,0.03458093,0.9089859185674992,-0.0018917443906469
-0.6371914,0.035334498,0.908903005788133,-0.0022214586997289
-0.6386649,0.03653248,0.9145944151780132,-0.0024646378574231
-0.6403155,0.037117336,0.9271988880532488,-0.0025904741219092
-0.64255923,0.039315198,0.9479820714577826,-0.0025760066524742
-0.6433827,0.040430468,0.9785343235192128,-0.0023927042709644
