Left_Elbow_X,Left_Elbow_Y,BICEPS_NonAffected_upper,BICEPS_NonAffected_lower
0.6345436,0.039031424,0.4680683861208465,0.0014780350506404
0.63207287,0.039037958,0.463728183626312,0.000923734653957
0.6299894,0.039147053,0.4722142059262284,0.0076580435520018
0.630538,0.037218627,0.4587109221339416,0.0043720570437306
0.63016367,0.036632434,0.4611304146076546,0.0013828714551087
0.62927306,0.03567022,0.4653816818839967,-0.0013936304725076
0.62831247,0.03463721,0.4675298334662425,-0.0039433448754378
0.6272758,0.03316872,0.4687442439016702,0.0049920476707035
0.6255028,0.032729223,0.459311646927988,-0.0015358235654879
0.6243159,0.032210656,0.4715707723417527,0.0172249122738679
0.6230412,0.03166905,0.4512581921046508,0.002741519397869
0.6223385,0.032153785,0.4573859111886688,-0.0051428304876658
0.62248725,0.0326788,0.4618657721660266,-0.0082145183511792
0.6226704,0.033317693,0.4651952460771857,-0.0058290524911122
0.621328,0.03575953,0.4794004798097895,-0.0164976865976371
0.61958784,0.037113912,0.4816977374479899,-0.0295702373835309
0.61796206,0.038551975,0.4984687791228679,-0.0504774987546468
0.6165463,0.04146553,0.5089367269524624,-0.0664807707234565
0.6152811,0.04197754,0.5048233458039367,-0.0854407514869059
0.6141442,0.042152032,0.5214448004513522,-0.0978449269701381
0.61389756,0.04210448,0.5247495549518899,-0.1107490233392913
0.61380047,0.04188134,0.533210223009427,-0.1146329732058205
0.6137372,0.039488003,0.5474218042142535,-0.1158981466003092
0.6130598,0.03734587,0.5513222081736615,-0.1529156831280714
0.61276025,0.036556475,0.5693107624740475,-0.1623145689969798
0.6131755,0.036286272,0.5670788877548807,-0.1899888544324946
0.6153977,0.036343757,0.5875899323375728,-0.1991706211488449
0.6170762,0.03639283,0.5935800291405615,-0.204448902147617
0.6183594,0.035538767,0.6059474445649109,-0.2446072187226211
0.6182379,0.034870397,0.6267768976459251,-0.2937987225401252
0.61668795,0.03398618,0.6360280086984061,-0.3227561843596455
0.6162728,0.036605116,0.6614623843383364,-0.3658286681763073
0.6167185,0.03941717,0.6805656905902266,-0.3806500648694724
0.6171295,0.039010413,0.6814021032118663,-0.3817523181437463
0.61951166,0.031536903,0.6651917123782489,-0.3813667353689622
0.6193331,0.02401517,0.6779386352637927,-0.3836458524198148
0.61954963,0.017082406,0.7081311426499209,-0.4506056797078049
0.6327915,0.003685244,0.718049907161152,-0.4883863769252294
0.6543644,-0.018573085,0.7539016419370786,-0.5204382564639636
0.7122585,-0.022721522,0.7750518412211881,-0.5675195514301968
0.7677328,-0.04862213,0.8131482466145503,-0.6039232592013619
0.84343565,-0.073764265,0.8263429212953562,-0.6718676320673508
0.91446674,-0.11201976,0.850159563545054,-0.6999662223401886
1.0319331,-0.14511952,0.8787141628656248,-0.7294430259921834
1.0855227,-0.18737255,0.9021947090685574,-0.7931456248844364
1.1356441,-0.2692103,0.9234573652241488,-0.8522530148735555
1.1913117,-0.34488896,0.9572475533633468,-0.8762384988841557
1.1994071,-0.405487,0.9699398620373232,-0.9233940393667742
1.1983979,-0.47960985,0.9851177147300436,-0.8978431235332084
1.1891547,-0.5571664,0.9766905976225764,-0.9223486970939032
1.1352831,-0.6147625,0.9833760319277374,-0.9474250208055224
1.0942814,-0.66404265,0.992887386310316,-0.9239058936179873
1.0703241,-0.7403309,0.9593298217127474,-0.8809376914969277
1.0415537,-0.79285955,0.992230883374902,-0.9179919583942376
0.9942447,-0.8551926,0.984474422245909,-0.9479386533641924
0.8977278,-0.9064495,0.9994606679311832,-1.0
0.79379624,-0.9102667,1.0,-0.9634998292580912
0.74103355,-0.9362663,0.99687098748506,-0.951072942258904
0.69434714,-0.9340965,0.9902856769700884,-0.9739022052795197
0.6357678,-0.9256452,0.9831250765385118,-0.9396007112615332
0.59967756,-0.93332154,0.9730760509359264,-0.9211149194196678
0.57389796,-0.94458133,0.9719184345417188,-0.920923891322464
0.49497628,-0.92727894,0.9697131415484804,-0.9466094655810524
0.45563114,-0.9320805,0.9889887515113296,-0.9735742804070135
0.43489495,-0.93423074,0.982936091012648,-0.9514709251977124
0.432278,-0.9422862,0.9835297815495206,-0.948768882144984
0.42311424,-0.9419198,0.9772930499951822,-0.9326153745867134
0.40835953,-0.94283134,0.9772962147707382,-0.9397467805098616
0.4029225,-0.94477445,0.9694456296138284,-0.9104678989564492
0.40052074,-0.9507928,0.974168427225002,-0.902810760859924
0.40864182,-0.95521736,0.9760996907309132,-0.9138234986938132
0.41273433,-0.95872754,0.9691902475039096,-0.9234245751159456
0.41534716,-0.9605362,0.9620383918450496,-0.9029191218275898
0.41984892,-0.95982283,0.9353775590649056,-0.8519211589474264
0.42205945,-0.9582339,0.9183158109711592,-0.8235292508898253
0.42460385,-0.9585345,0.8759347392612163,-0.732988302207933
0.42604503,-0.95675033,0.8357100449100805,-0.6994519824017362
0.42634648,-0.95572084,0.8418388998499229,-0.678955389656806
0.42623255,-0.9552258,0.8304133501061136,-0.6514442143051823
0.42331678,-0.9547297,0.8084675791184693,-0.6275956842625271
0.4213655,-0.9540243,0.8296825730665461,-0.6921851414945586
0.421955,-0.9545735,0.8181190880563978,-0.6595162857414633
0.42270023,-0.95467997,0.8181236424762337,-0.646614459004768
0.4238161,-0.9553911,0.8101160830952963,-0.5996588320787275
0.42382383,-0.95558125,0.8172506906742094,-0.6223579547140452
0.4225074,-0.957468,0.8040821820058769,-0.6276449149507372
0.42005384,-0.9578979,0.782441198077998,-0.5811952833535853
0.4193045,-0.9575897,0.7883569020153208,-0.5796444738267063
0.41855302,-0.95794547,0.778532781479978,-0.563631022908495
0.41657075,-0.9580768,0.7708582530212535,-0.5390745141927267
0.41375273,-0.95806193,0.7512606269015075,-0.5227823582550369
0.41376778,-0.9564798,0.7506159795475879,-0.5130979843275083
0.41298983,-0.9569288,0.7425043274173326,-0.4895518114251881
0.41015154,-0.9573857,0.7412151536574424,-0.5026823757528204
0.4077354,-0.9551096,0.7395619360000587,-0.4834349964441931
0.39866105,-0.9522757,0.7332516997700343,-0.4820789710033365
0.39295065,-0.95270634,0.7213969671107573,-0.4818073497227209
0.3929669,-0.95248264,0.7156109054925226,-0.4430468236818423
0.39110175,-0.9557325,0.6998687744559388,-0.4312353044172886
0.38919652,-0.9586118,0.6786220350719345,-0.4265880685369708
0.3837915,-0.9643295,0.670593552286535,-0.3406555696017206
0.3784284,-0.96761966,0.6596744459467424,-0.3680973320252464
0.3647915,-0.9713039,0.6609796386991693,-0.3539793089399463
0.35260266,-0.9789828,0.6809157927977761,-0.377806437475064
0.35084403,-0.99325943,0.6980591784062833,-0.4255443005533345
0.34742683,-1.0060688,0.7180344777930767,-0.4529037775700129
0.35114476,-1.003895,0.712534877966066,-0.4423956621492724
0.3569556,-1.0001961,0.7165945553596661,-0.4431342572848545
0.37724498,-1.0056115,0.7209239538819711,-0.4510407029968503
0.39197555,-1.0055187,0.7163078408659782,-0.4554012409090519
0.4071891,-1.0075114,0.7136435013834876,-0.4526984214502204
0.42899248,-1.0020773,0.7036195626114607,-0.4415706527437731
0.4313541,-0.9953538,0.6970470436247093,-0.4311112555664478
0.440173,-0.993146,0.6868055367150768,-0.4109353263260205
0.46361163,-0.9882949,0.6901513228186427,-0.4048965826734154
0.48909098,-0.97969276,0.6761949276590379,-0.3855426733279786
0.5110251,-0.9701929,0.6793726865174665,-0.3836534231765742
0.5263986,-0.95886236,0.6719786127644845,-0.3686385024621591
0.5372291,-0.94673777,0.6651487119776859,-0.3397023292753381
0.54439044,-0.941453,0.6677256246434069,-0.3510958742396464
0.55108356,-0.93303627,0.6610641296899047,-0.3584173143433423
0.55617815,-0.9284681,0.6493318488324498,-0.3382251679961569
0.5636563,-0.91739184,0.6380787011199744,-0.3110621993045653
0.5685004,-0.91772157,0.6242502798724204,-0.2905337688027017
0.5986735,-0.914878,0.6156603868842241,-0.2750782007434593
0.62463874,-0.90201485,0.6047161322006418,-0.2586184554490601
0.64662826,-0.89805776,0.5997195272659263,-0.2310727171137086
0.66614413,-0.8859264,0.5960008151467199,-0.2181194217752753
0.68015414,-0.8836419,0.6068336644431934,-0.2711393687748397
0.6982632,-0.8808758,0.613354534138601,-0.2565169736518651
0.7118899,-0.878433,0.6193056284134035,-0.2718627806897288
0.71765405,-0.8742391,0.6222939066094061,-0.2824823123921285
0.72649807,-0.86634946,0.6208384777927929,-0.2805108305175289
0.7346159,-0.8616505,0.6057708544638953,-0.2510314153893509
0.7482355,-0.8602378,0.6000657697490659,-0.2524052688247143
0.7557765,-0.8527707,0.6003041070832236,-0.2513787104869015
0.7622264,-0.8503665,0.5924694451585644,-0.2436680884419489
0.7800531,-0.8545413,0.590149975572629,-0.2316269384864667
0.7850529,-0.85673064,0.6040621350873779,-0.229475229172225
0.7901506,-0.85882014,0.6029454953514295,-0.2321199981991041
0.7921078,-0.8571471,0.598380830936115,-0.2392241427480376
0.79899275,-0.85480046,0.5934019104884298,-0.227456080881492
0.8046899,-0.85640603,0.6006960417385231,-0.2402185695325411
0.8072677,-0.8582285,0.6096835143535541,-0.2387610482704607
0.8127512,-0.8587446,0.6086165427165974,-0.2460374456548044
0.81323004,-0.85818636,0.5985349390551641,-0.2387780477700817
0.8133133,-0.85804504,0.5968553451900112,-0.2440890523312414
0.8109935,-0.85470665,0.6071781629959279,-0.2506165859113355
0.80967265,-0.84555095,0.6065985516886908,-0.2483260627641367
0.8077887,-0.83680886,0.6047579942267367,-0.2345873300529076
0.8055284,-0.82508916,0.6054134378541318,-0.2535712144984149
0.803008,-0.815336,0.6064768134048055,-0.2489935721519539
0.8048578,-0.806944,0.6044426026801492,-0.2441627101932158
0.806175,-0.7901115,0.605875161538838,-0.2524673298642677
0.81298274,-0.773425,0.6041857148140461,-0.254877351625881
0.82161045,-0.7636296,0.6054536970633324,-0.2439682216145806
0.83918303,-0.75698614,0.5949851990688994,-0.2381769367297205
0.84480065,-0.7402797,0.5890747587116383,-0.2164908197995795
0.85296583,-0.7361666,0.5841021077708007,-0.2144979411982446
0.8607431,-0.7272377,0.5742267855502583,-0.1948969164114988
0.8666659,-0.72475344,0.5642746546890153,-0.1782310823979905
0.8779222,-0.72458005,0.558039520806645,-0.1786556500544901
0.8977417,-0.71892166,0.5604433610327911,-0.1555419635918298
0.9004409,-0.7091505,0.5525921762182519,-0.1586198350961291
0.9140124,-0.6964806,0.5556401826322646,-0.1317242878139658
0.91872483,-0.6884532,0.549588089702084,-0.1552483876228471
0.9345189,-0.68276715,0.5373015367890315,-0.1371662263257393
0.9455204,-0.67808545,0.5340709056098041,-0.1372782888010317
0.95434904,-0.6578116,0.5320081003397923,-0.1163293876345483
0.9602518,-0.6485719,0.5290015446604639,-0.1150138258584945
0.95869946,-0.64292246,0.5214940296478426,-0.098544997783461
0.9583237,-0.641067,0.5079004351301649,-0.0939485477194274
0.9610677,-0.63746774,0.5069454081956807,-0.0720846822664971
0.96766776,-0.63133407,0.49522294092568,-0.0726303151815922
0.9716004,-0.62610734,0.5004626257150366,-0.0570921344633121
0.9761365,-0.6186882,0.4948901729910985,-0.0543754747151363
0.98482907,-0.6081854,0.4932163324179716,-0.0424377508289925
0.9970948,-0.60070294,0.4866431646317032,-0.0487673418145586
0.99812984,-0.57454175,0.4888905498447064,-0.0372884196547917
0.9989107,-0.560549,0.479412878820487,-0.0309922563799329
1.0011222,-0.5520503,0.487803696671035,-0.0284896498130266
1.0024186,-0.5375438,0.4802419169527168,-0.0262311021800658
1.0020368,-0.53905773,0.4765231068176945,-0.0156565537941983
0.99544466,-0.5347097,0.4722605017385385,-0.0202715702191835
1.00762,-0.52771884,0.4731765418720988,-0.0137626365657746
1.0081475,-0.5180909,0.4782500247292177,-0.0228908282238223
1.0129112,-0.4864747,0.4785169801195224,-0.0191787911707494
1.0149287,-0.47127193,0.4755429483570347,-0.0233342277765851
1.0112749,-0.4685966,0.4765147785512914,-0.0206172949539081
1.0091026,-0.4591652,0.476970855672052,-0.0174977462898223
1.0074017,-0.45766366,0.4745587618369409,-0.0172210468273185
0.9951993,-0.4571682,0.4764611458487943,-0.0171585880589042
0.9911204,-0.45238853,0.4732809708263617,-0.0176198305414578
0.97241944,-0.4540517,0.4759942782716708,-0.0152604746050745
0.9637163,-0.45004955,0.4722653526475784,-0.0136824022613198
0.9615418,-0.44898424,0.4736735608951666,-0.011823126760382
0.95991987,-0.4421695,0.4538291221482033,-0.0089495750891763
0.9599837,-0.43270528,0.4685074254815156,0.002795740418725
0.9464441,-0.4260386,0.4722138598339624,0.0032355419015484
0.9293899,-0.42279354,0.4692511497665382,0.0035887575693225
0.9194749,-0.41974583,0.4653116807949473,0.0049604335485753
0.9095344,-0.41817823,0.4649834739630465,0.0069265141258964
0.90501434,-0.4061749,0.4622345392765626,-0.0046620319727591
0.9026842,-0.40300447,0.472441537944233,-0.0059996317188432
0.9057763,-0.38913104,0.4668183783235632,-0.0086348889141632
0.9163743,-0.37982535,0.4693532825228418,-0.0099620399598456
0.920468,-0.35523134,0.4700911797370398,-0.0116037056454782
0.9188691,-0.3419857,0.4732871872078078,-0.0127170392132635
0.91988635,-0.3380044,0.4716449463888071,-0.0135156007596611
0.9215454,-0.3296768,0.4701734447684041,-0.0140591213479098
0.91919315,-0.3229305,0.4728913761606793,-0.0143629114171151
0.9205031,-0.31836408,0.4696037839985744,-0.0144185323542437
0.920295,-0.3073686,0.4692777169548867,-0.0142319094086482
0.9201757,-0.30371383,0.4721590725865197,-0.0137952722322651
0.9205725,-0.30012155,0.4717653546257869,-0.0131207496355495
0.9210255,-0.2933552,0.4694575832211355,-0.01220398315611
0.9237884,-0.28605857,0.4722415747681439,-0.0110269187341385
0.9218656,-0.28218117,0.4694920459315518,-0.0096222526035787
0.92181075,-0.27302304,0.4707987462606319,-0.007975342590295
0.9213172,-0.26590303,0.469229876057486,-0.0060578509227351
0.9200075,-0.25638923,0.4675586896669327,-0.0039230412583312
0.9078925,-0.24707031,0.4657438363323937,-0.0015459877112034
0.90026885,-0.2403016,0.4669711555796834,0.0011119312019448
0.8989244,-0.2376593,0.4591504807048138,0.0039768844001928
0.8940512,-0.23785886,0.4722961878531307,0.0070840814811648
0.88854563,-0.22985464,0.4726505853479111,0.0001666418198626
0.7487629,-0.08996505,0.4656035593843973,2.003753009881232e-05
0.74987537,-0.089436844,0.4651941447424636,1.0453963060692473e-05
0.7505464,-0.08788294,0.4582751059613277,1.5115413980741091e-06
0.7460656,-0.08520264,0.4713679138254308,0.0001482846847531
0.7431885,-0.084519535,0.4688399723458437,8.569411473157409e-05
0.7420775,-0.081094675,0.4708540303002108,0.0002849358949926
0.7431337,-0.080001034,0.4758251135589305,0.0001371500240907
0.7416683,-0.0796853,0.4700375380580993,1.3603509539404471e-06
0.738885,-0.080232024,0.4661394948921658,-0.0001240910243644
0.7327848,-0.078381404,0.465825678964772,-0.0002357193414389
0.72963274,-0.07678538,0.4653369302657939,-0.0003353514607482
0.727595,-0.07558875,0.4615880964806808,-0.0004241360209176
0.72325796,-0.0749074,0.4642436937540174,-0.0004996067841646
0.72011405,-0.073319346,0.4725800210083772,0.0007336449147428
0.71755683,-0.073714316,0.4572176811350087,0.0002148760757336
0.7137934,-0.07380033,0.4606823928970874,-0.0002501694083711
0.7116588,-0.07383503,0.4642756405088163,0.0037753455284596
0.7115386,-0.07370694,0.4648825659750009,0.0025214106147446
0.711299,-0.07427397,0.4657381470749037,0.0004343257303228
0.7102852,-0.07520038,0.4660489791952567,-0.0014914996282837
0.7090482,-0.07583226,0.4697039717956758,-0.0032025703122249
0.70766246,-0.07649701,0.4704005463325266,-0.0047269486308923
0.70528,-0.07684112,0.4715948850136899,-0.0060821419791564
0.70371026,-0.076352894,0.4701348137989896,-0.0072305060973431
0.7022546,-0.07563564,0.4716061469903338,-0.0078378995675129
0.69938993,-0.07582959,0.4742690699163479,-0.0086289877984084
0.6979467,-0.07555517,0.471854799318368,-0.0093801752478048
0.6970721,-0.07542761,0.4726980856196812,-0.008183718953507
0.69681364,-0.07546438,0.4716414155168924,-0.0090895405290316
0.6960141,-0.0753862,0.4715046853142045,-0.0076049702848671
0.6959118,-0.07539294,0.4833271038352114,-0.0090074840377581
0.6949251,-0.07499843,0.4796456870621105,-0.0093096818178257
0.6842712,-0.07446752,0.4750968554890128,-0.0110548429608547
0.6756169,-0.07347051,0.4715947716047331,-0.0022206080154159
0.6713325,-0.07286446,0.4687301416952562,-0.0061002955284928
0.6686422,-0.07217648,0.4726672023904215,-0.0081208774161158
0.6661889,-0.07027352,0.4773084945560423,-0.0114991779517189
0.6521763,-0.068981126,0.4716970782933156,-0.0145654424875388
0.6452059,-0.067902885,0.4788336885219656,-0.0108371001000989
0.6420237,-0.05721116,0.4831408693931941,-0.0178525408943707
0.6401414,-0.05360275,0.4820634436513367,-0.0204604809580379
0.6355631,-0.041822344,0.4736315694008114,-0.0212067969002762
0.63007104,-0.035695683,0.4761925553252265,-0.026085120665798
0.6313989,-0.030267052,0.4865359329056402,-0.0210115074072029
0.6325932,-0.028509358,0.4818166238199823,-0.0292358784189933
0.63366544,-0.02743886,0.4805545216112323,-0.0277560651696608
0.6318888,-0.027359165,0.4924865905371917,-0.0450413535379064
0.6304609,-0.029355984,0.5027190469823695,-0.0655501232083894
0.6308595,-0.031995762,0.5171211787171922,-0.0839235355434557
0.63443345,-0.038983945,0.518558977583764,-0.0946812026248948
0.6468056,-0.03909258,0.5295108076646858,-0.1089476928232854
0.6648448,-0.03967118,0.5336241035450537,-0.1410147318437431
0.70325583,-0.049518384,0.5519265845783282,-0.1450015078126648
0.7558999,-0.06080883,0.5634034502465574,-0.1796832060539232
0.8206288,-0.07920786,0.5736249900742988,-0.2018292265965171
0.8705009,-0.11641853,0.5746016199296267,-0.2159966253549111
0.9507566,-0.17344935,0.6068401607929468,-0.2451160953643514
0.99208504,-0.20348397,0.6120684680476102,-0.2784704901365885
1.0329088,-0.2285599,0.6259831951296949,-0.2929182476543774
1.070405,-0.25378034,0.6278928274864483,-0.2862501312050281
1.098927,-0.296391,0.6441045344530905,-0.3233127533172136
1.120629,-0.3490688,0.6621683539408864,-0.3449955436028225
1.1270522,-0.39450955,0.6623546755531926,-0.3569484809817841
1.1412495,-0.4175859,0.6704421172264489,-0.3676120571365746
1.1486278,-0.4413981,0.6648072239334746,-0.3643515724793879
1.1606762,-0.4692841,0.6871013716818234,-0.3928488639877814
1.1570747,-0.48544616,0.6930223639904821,-0.4122488825837456
1.1510906,-0.5009964,0.6918534602962528,-0.4194080423834362
1.1446,-0.516478,0.6979766493677864,-0.4242281469433978
1.142078,-0.5366145,0.7079118319942298,-0.4385465787225854
1.1342424,-0.5646434,0.7232904493124805,-0.4443681550561065
1.1342945,-0.5682591,0.7033362154061349,-0.4408655907973668
1.1321108,-0.58669275,0.7147530403067787,-0.450393548405031
1.1259904,-0.60896665,0.7286679247900447,-0.4797661196166696
1.1224813,-0.6284873,0.7242468184807186,-0.4709847392276442
1.1165353,-0.66390175,0.7241739465320125,-0.4776571134577138
1.1089804,-0.6956956,0.7269310242940001,-0.4777146787043722
1.0859549,-0.7099372,0.7461070449118801,-0.4833079687295843
1.0777653,-0.73225266,0.7497972785300886,-0.5134866701692701
1.0611938,-0.7456141,0.773982704221258,-0.5313263909737631
1.0433998,-0.76104,0.7779917587687758,-0.5695167687126259
0.9946712,-0.7695018,0.7812003060381587,-0.5722608396268506
0.97423804,-0.7891577,0.7896810550320483,-0.5726667858881522
0.9619249,-0.799806,0.796762881838766,-0.5914689013560318
0.94479793,-0.81001395,0.7794023555767451,-0.5718407505725169
0.9166873,-0.81929415,0.7764723383858052,-0.543198729272512
0.90042996,-0.82746565,0.7580752440616266,-0.5290556509471721
0.88047874,-0.8347657,0.7510037718835396,-0.5101130867826437
0.8498116,-0.84503704,0.746576054968168,-0.4878925156698899
0.8304366,-0.8578991,0.7216303870997097,-0.4745627089491306
0.8072056,-0.86624473,0.7222729576997486,-0.4461584171485651
0.78190905,-0.8766512,0.7075786055335552,-0.4483785186838642
0.7509593,-0.8876139,0.71395354134675,-0.4310921641886112
0.71545523,-0.8884862,0.6937546828596515,-0.4280861066647934
0.6981133,-0.8899968,0.685616917592012,-0.4071103258186778
0.6708092,-0.8951989,0.6861284415843648,-0.3945127599265917
0.6465236,-0.9068965,0.6776750050609244,-0.3922773500371333
0.6215916,-0.9079947,0.6713623754569158,-0.3619341952677564
0.6090672,-0.91734767,0.6460523033228901,-0.3380804167929573
0.586613,-0.92689943,0.6639918722581736,-0.3571380139618053
0.53851247,-0.93146753,0.66623796391618,-0.3511201971139474
0.5211635,-0.93740094,0.674251727574157,-0.372342086200101
0.49043432,-0.9373816,0.6987916694027912,-0.4110062731004353
0.44326526,-0.93870014,0.7105271198427674,-0.4408381717483305
0.43566704,-0.94035965,0.7350352655222713,-0.4676139346040937
0.42036298,-0.94394916,0.7435647145536636,-0.5187412495466365
0.4102133,-0.9468001,0.7701727106266563,-0.550152302563228
0.41170338,-0.9584711,0.7773664840210638,-0.5670130358496621
0.4264642,-0.96204615,0.7873260468739728,-0.5766222515735967
0.4371869,-0.9696129,0.7858302263601787,-0.571776283972195
0.44072717,-0.9699201,0.7821413081488312,-0.5741806037089625
0.4455965,-0.96837914,0.7699045230238942,-0.5461139949284349
0.44690242,-0.96692514,0.7596314796750072,-0.5339186046841281
0.44641298,-0.9659844,0.7480260268607202,-0.5151178251166089
0.43517008,-0.96258247,0.7448310361178827,-0.4881141418722194
0.4319668,-0.96118176,0.7448709568857629,-0.5047184580783376
0.4343595,-0.96433187,0.7247998622289126,-0.4754793564521389
0.42499283,-0.95830506,0.7103413669764365,-0.4394752594181839
0.4243409,-0.9589008,0.6939263951618228,-0.4052891718056888
0.42395172,-0.95561516,0.6837012257818045,-0.3811921278391681
0.42330965,-0.95502216,0.6689201741451588,-0.3820547595326073
0.42445678,-0.9553625,0.6673622888559451,-0.3467618274697246
0.42493972,-0.9558103,0.6503155100589559,-0.3343239191109247
0.42550808,-0.9566139,0.6532935875582236,-0.3180301069300361
0.42588332,-0.9564244,0.6389654402709547,-0.3170892481730861
0.4263789,-0.9552434,0.6507150240152159,-0.329439357052613
0.42792168,-0.95407176,0.6570939741531245,-0.3384399609513144
0.42961308,-0.9549529,0.6597044826289656,-0.3464563067329923
0.43059304,-0.95566064,0.6615757169619102,-0.3661190511713666
0.4322826,-0.95690036,0.6672367037170883,-0.3645871558024804
0.43233046,-0.9561403,0.6648512617561078,-0.3584118199275638
0.42945358,-0.95530546,0.6777147406413931,-0.3676611873874654
0.4292982,-0.95546,0.6789064606781011,-0.3970765341182711
0.42644945,-0.9554687,0.7089936331076578,-0.4284811707107845
0.42547792,-0.9553877,0.6977339942874687,-0.4411767747991156
0.42491454,-0.9554734,0.7048416332568099,-0.4329556083276624
0.4262356,-0.95479167,0.7071027633384966,-0.4484059914428057
0.42722133,-0.95438284,0.7191571255486443,-0.4601377059566782
0.42789254,-0.9540836,0.7298047574979901,-0.468377553056854
0.4287069,-0.9540649,0.731863751234785,-0.4671774593451794
0.42835298,-0.9528134,0.7377616075627613,-0.4854053212378126
0.42599764,-0.9516125,0.7476841300547141,-0.4977373930245701
0.42378506,-0.9500338,0.7377426641364665,-0.4964393603091872
0.42135313,-0.950717,0.7295941652371796,-0.4664545713799025
0.41658124,-0.9460829,0.7148872752205113,-0.4590555413488549
0.4122707,-0.94350576,0.7254409324543828,-0.4518599213642904
0.41110027,-0.9448255,0.718692280224121,-0.4787632324469702
0.41113907,-0.94631,0.7235652305963093,-0.4727317763981316
0.41316253,-0.95097786,0.7193398544673895,-0.4377504937754486
0.41713783,-0.95318466,0.7105650548153367,-0.4475037342862789
0.42026475,-0.9572145,0.7155815574182723,-0.4350733959670487
0.41361913,-0.9646092,0.6920253123943599,-0.4373833760893972
0.4099029,-0.97101754,0.6965589544300704,-0.3917105532826679
0.40840763,-0.97787404,0.6688516012382022,-0.3835414479565964
0.39944384,-0.98479366,0.6661964605513202,-0.3517617298173264
0.39401832,-0.9919101,0.6493516349259294,-0.3434229523086217
0.3929778,-0.9957572,0.6586010764620399,-0.3257543801032981
0.38691643,-1.0001321,0.6458289689936992,-0.3147737910982822
0.38820037,-1.0084698,0.6429546241680869,-0.3313074467214943
0.39191264,-1.0101181,0.6362513671640947,-0.2969266767736733
0.3910961,-1.0070074,0.642085866845862,-0.3243929096302045
0.39302567,-1.0106351,0.6451844589776623,-0.3103532244857602
0.39670303,-1.0129156,0.6395356747329874,-0.3051117442209395
0.40950313,-1.0146537,0.652660174842363,-0.3522543666285391
0.4414526,-1.008304,0.6647540145270768,-0.3482078444557416
0.466111,-0.9959487,0.6682197792616716,-0.3743465832716791
0.50053066,-0.984467,0.6662509707104781,-0.3541170458848625
0.5254684,-0.9767308,0.6769465961527713,-0.3847162024361629
0.55189896,-0.96210074,0.6749511620749429,-0.3772745350870941
0.5737502,-0.93728554,0.6657751503313094,-0.3616845409926706
0.58937657,-0.9225215,0.6801827226574949,-0.3619254072524772
0.6132815,-0.9049698,0.679812075586603,-0.4025503999802582
0.6426447,-0.8927293,0.6995622797375598,-0.4155840407548948
0.6709135,-0.88780427,0.7030008133083615,-0.434511786995834
0.6919697,-0.8817586,0.7031296570153587,-0.4335955822293192
0.70888746,-0.8807685,0.6982235624340495,-0.4172956382160552
0.7318106,-0.8785318,0.706822995706577,-0.4345510047372016
0.74817747,-0.86422384,0.7060452029732343,-0.4395353931834072
0.74869746,-0.85628104,0.7025642857733959,-0.4214765443043405
0.76003486,-0.8478851,0.7046786539478684,-0.4080808426025853
0.7606962,-0.8368456,0.6957371217654063,-0.4336149767551971
0.7693459,-0.8336477,0.704673735968994,-0.4252179759617946
0.7719613,-0.8233548,0.701056089636662,-0.4343752323542585
0.77611804,-0.8209486,0.6910024211384813,-0.4010720646494419
0.7851676,-0.8165787,0.6817966603267192,-0.3881443641118255
0.7956958,-0.8148303,0.6715645413819208,-0.3772698929340857
0.798986,-0.8092921,0.6649452625214458,-0.3582743908908876
0.8090606,-0.8093737,0.6701150208890482,-0.3572961712081741
0.81072915,-0.801799,0.6631222604295646,-0.3485160198981005
0.8119617,-0.7991758,0.6474628587745362,-0.3346591500450713
0.8178373,-0.798929,0.656225129215531,-0.3488361266611458
0.8232492,-0.79363626,0.6445252315701471,-0.3059380252084682
0.83728105,-0.7720243,0.6360023887459051,-0.3172254874399174
0.8524399,-0.76407254,0.6288820577591036,-0.2953673562399427
0.8675652,-0.75191927,0.6320619720735664,-0.3137801098410541
0.879445,-0.73815846,0.6218335168623267,-0.2655433566582225
0.9183453,-0.7311336,0.6202861552024101,-0.2815244552562661
0.9389199,-0.71169156,0.6222503845642681,-0.2956517395050332
0.95018536,-0.6985431,0.6291532082443753,-0.2995655585195756
0.97927403,-0.6867254,0.6313675837197695,-0.2982321299542455
0.97971123,-0.6694278,0.6323365348923037,-0.2998287751711032
0.974648,-0.6564971,0.6341050240784423,-0.3090940068547381
0.98342913,-0.65394413,0.6319042841234679,-0.3043616158762348
0.99605715,-0.64705914,0.6397549153029717,-0.3150200156711195
1.0082507,-0.64014024,0.6388174512926037,-0.3105791330344923
1.02676,-0.6282079,0.6286260727074491,-0.2997629510941105
1.0329645,-0.62058383,0.6330416905743506,-0.3225712367247034
1.0386639,-0.606613,0.64325534296696,-0.3108975535935037
1.0453464,-0.5922161,0.646253918523121,-0.3256728009443629
1.0506275,-0.5698011,0.6318489891662687,-0.3090460003823122
1.0573201,-0.5591337,0.6285690665950375,-0.2981420028467693
1.0578171,-0.55700827,0.6362399716178084,-0.3067700631039022
1.0551805,-0.55517185,0.6243805690280846,-0.2685220619296031
1.047524,-0.5497441,0.6189783763178407,-0.2803708175047542
1.0395285,-0.5379785,0.6223843894735018,-0.2785925186560247
1.0304823,-0.52638274,0.6151157655410691,-0.283322507732267
1.0253335,-0.5245313,0.6199627101008558,-0.2737512624730908
1.0202588,-0.51714283,0.6134220168071894,-0.2690257028407428
1.008938,-0.5080763,0.6075457249440611,-0.2542609303713776
0.99871373,-0.49481952,0.6076626188725391,-0.2612592442265389
0.99809575,-0.48953503,0.6082148896618245,-0.2587280096367653
0.99760866,-0.48426625,0.6101630707431714,-0.2309318287643238
1.0012541,-0.47082704,0.5957088432465223,-0.2321546505244623
1.0039574,-0.4666122,0.6079508396521339,-0.2511610616710441
1.0038017,-0.4616308,0.60400797786136,-0.247996141563257
1.0065473,-0.45411894,0.6076624948836733,-0.2382098275841146
1.0006852,-0.4520039,0.5966262227060822,-0.2530973342154027
0.99859625,-0.4431414,0.6012189508625143,-0.2414139440189336
0.99048126,-0.43004593,0.6022098424727813,-0.2421644574692037
0.97938997,-0.41771552,0.5894980464592058,-0.2237123605680499
0.9554131,-0.39894545,0.5883300215102624,-0.2152770967580523
0.9525431,-0.37953234,0.5782934699039367,-0.2013373781172763
0.9434812,-0.37107074,0.5718402910332021,-0.2017733258548169
0.9327043,-0.36554682,0.5808806250635823,-0.2029163559275985
0.9315181,-0.35139406,0.571078026439796,-0.190739936314461
0.92751074,-0.34418806,0.5743308596573722,-0.1945344611183966
0.9156379,-0.33405006,0.559293516417919,-0.1761007114270775
0.9151112,-0.3270776,0.5685189239335006,-0.176863731858437
0.92140603,-0.3085791,0.556405150547545,-0.1608600423862056
0.92846113,-0.2971814,0.5480258111978216,-0.1423010656585045
0.93292737,-0.29351923,0.5443885742607223,-0.1439564897542093
0.93431723,-0.27944154,0.5387861613352104,-0.1297725885185121
0.92462695,-0.28334367,0.5245378923093703,-0.1144291552554055
0.91799235,-0.27036655,0.5239063014207223,-0.1087484775921259
0.9173317,-0.26023254,0.5223698826639495,-0.0986265104173397
0.9102026,-0.2532331,0.5139242270559602,-0.0964202217005788
0.89358085,-0.24469928,0.5192085759030035,-0.0842064555903333
0.8825198,-0.22586438,0.5104425859019469,-0.0873573090663234
0.88262594,-0.21826166,0.509761481129047,-0.0713132323068229
0.8820067,-0.21020699,0.5024518151128106,-0.0813558956621175
0.87919366,-0.20248742,0.5074581450429455,-0.0694766820248967
0.87419623,-0.19654474,0.4990723384100574,-0.0667645557207221
0.8707249,-0.18589042,0.4941957292859777,-0.0545504184348343
0.8574341,-0.17710605,0.4925585648269267,-0.0477117810527534
0.8493112,-0.16875166,0.4906588660677375,-0.040313203006047
0.8393662,-0.16154492,0.4894782954496686,-0.0357193601025607
0.8275588,-0.15487146,0.4830874320911862,-0.0250785341642568
0.8230767,-0.14664905,0.4803791671229412,-0.0158661499352303
0.8235459,-0.13997206,0.4725557568255819,-0.0139422299416372
0.827957,-0.13059764,0.474257871667114,-0.0146785901615498
0.8227322,-0.12800322,0.477283241092409,-0.0157540110663563
0.8198504,-0.12366122,0.4761338093283639,-0.0128277056394109
0.8211417,-0.11823362,0.4769289442606715,-0.0148202733101929
0.8204984,-0.117993206,0.4725947464854587,-0.0105488970895729
0.816764,-0.118347794,0.4754367167668179,-0.0059412804915129
0.81294477,-0.12089332,0.4694225183887042,-0.0005853832952294
0.81032777,-0.12073799,0.4677281695341723,0.0019326847017018
0.8089358,-0.1181531,0.4610968620662181,0.0028804512709644
0.80583394,-0.117581315,0.4660096116977903,0.0026555791562045
0.80536157,-0.11614482,0.4657931116155298,0.0043529956558785
0.80468583,-0.11602315,0.4655535683493896,-0.0003610865907709
0.80372685,-0.11623714,0.468017357886102,0.0005775557564654
0.80330116,-0.115212575,0.4643348002397601,0.0006156913475218
0.8017648,-0.11086461,0.4641336312114965,0.0013992277353498
0.8010535,-0.10385348,0.4677323096281512,0.0015317322796631
0.79923683,-0.09619145,0.4675439354123524,1.1870765009172653e-05
0.79566044,-0.092391185,0.4650220908687814,0.0001006658215611
0.7951432,-0.08783374,0.4662208952531382,0.0001958525955348
0.7921906,-0.086847246,0.4678757031273567,0.0002656055016643
0.78619295,-0.875509,0.4669063717910526,0.0003151534466063
0.76806974,-0.88398635,0.4641231564207186,0.000206515105602
0.7596478,-0.8897072,0.467708599332761,0.0001058849288527
0.7490257,-0.8914752,0.4670668430117591,6.835787715570748e-05
0.73762345,-0.8864747,0.4693689067568996,0.0009027681838131
0.7219972,-0.8938857,0.4630773136413573,0.0017785127613738
0.71080416,-0.8937939,0.4641767446799352,0.0012253706055482
0.6948815,-0.8973046,0.4650158420619857,0.001339268591482
0.6791439,-0.896486,0.4654714123157267,0.0009703510034167
0.65118885,-0.89937574,0.4639295291939592,-6.536950313745431e-06
0.632365,-0.90618527,0.4720754947521396,0.0022504560548325
0.6103673,-0.9148441,0.4676473998092544,-0.0004365781857396
0.5855348,-0.9205864,0.4722819022199024,0.0009084098253178
0.56447893,-0.9211521,0.4620854249209246,0.0020217961117339
0.55780494,-0.9167998,0.4685950768173326,-0.0012646590869114
0.54453725,-0.9177437,0.4618077049785153,0.0014229498018867
0.5397563,-0.9177642,0.4660675419682432,0.0008787458923063
0.5095128,-0.9185805,0.465998414592868,0.0076965062175857
0.48682147,-0.92613405,0.4648631844180586,-0.0042005754314497
0.4510425,-0.9273291,0.4673455035805647,-0.0106626713390892
0.4205685,-0.9323038,0.4790911130372395,-0.0199581431086042
0.41140813,-0.9398929,0.4909685457883492,-0.0392328982594893
0.4190313,-0.94944066,0.4921376318381677,-0.0561958904231137
0.41694868,-0.95016116,0.5073519148854876,-0.0600086413077907
0.41402897,-0.9483149,0.5021843348728766,-0.0751161793394668
0.41160712,-0.9467562,0.5132020720915486,-0.0925998141519918
0.41028538,-0.94443756,0.5306940076958498,-0.1166436857967607
0.41210473,-0.9441231,0.5395231398372918,-0.1287463476078939
0.4139598,-0.94356734,0.5476219023053942,-0.1454423776094186
0.4153873,-0.94263256,0.5632804431700515,-0.1755642972351974
0.4199974,-0.9419723,0.566407725873883,-0.1913746831268698
0.4245013,-0.942862,0.5892911483893357,-0.2120460317392351
0.4275209,-0.94257396,0.5869505194778799,-0.2395981637384618
0.42921382,-0.9418304,0.6124456977599562,-0.2500684092940483
0.42971075,-0.94094515,0.6155979498581831,-0.2668710933421351
0.43138665,-0.94126683,0.6212221447413168,-0.294714454045436
0.4317282,-0.9418374,0.6423019283154346,-0.3151635030683365
0.43154007,-0.9417883,0.646126356740467,-0.323224550549151
0.42972434,-0.9439754,0.640718351276894,-0.3240686278590497
0.43005338,-0.9467632,0.6533259599578182,-0.3400088245059452
0.42781246,-0.9478827,0.6627962917858419,-0.3476523147963333
0.42555758,-0.94857,0.665051530177289,-0.3388148177327566
0.42530763,-0.9493185,0.6552256201402828,-0.356839824758454
0.42548564,-0.9499039,0.65720622335028,-0.3433317504996361
0.42682788,-0.9509062,0.6651296633876344,-0.3548565159100137
0.42812556,-0.952321,0.6626465786990225,-0.3764157590868978
0.4280338,-0.9525881,0.6682464008662656,-0.3511011704910078
0.42755932,-0.9524127,0.6785511310134604,-0.3881256491188807
0.4263968,-0.95308554,0.6870933017855455,-0.3958841567123921
0.42526203,-0.9533305,0.6989456135941242,-0.408448285092068
0.42487136,-0.9525819,0.7038100098404263,-0.423566631417242
0.42622292,-0.9485683,0.7046102395490818,-0.4361434384684712
0.42638886,-0.9452694,0.7300045116731726,-0.4606107114603981
0.4308027,-0.94615406,0.7387747244745874,-0.5053393508686042
0.44219607,-0.9448368,0.7405983366232994,-0.5104265995802139
0.44902912,-0.94726753,0.7529406334399315,-0.5122953368335466
0.5000248,-0.93903536,0.765968232665943,-0.5422421158507781
0.55374384,-0.9195351,0.7771091136208834,-0.5434279628932346
0.5708182,-0.89485073,0.7860310072639187,-0.5851018441999829
0.59627557,-0.8798736,0.788193539946624,-0.5752503769063166
0.6023704,-0.87413275,0.7924774525311402,-0.5991806067899511
0.6556266,-0.8754881,0.7855966444988028,-0.591780803010228
0.6990027,-0.85911965,0.790280500260423,-0.580631510576295
0.74871683,-0.86190397,0.793250901309482,-0.5835647710874774
0.78622615,-0.84577507,0.7962864516349052,-0.5733457657843354
0.8056478,-0.835303,0.7972168552105404,-0.5968487018647658
0.79743624,-0.81266797,0.8067998395169219,-0.6139116011226609
0.79158854,-0.7700683,0.8088991289270764,-0.6393943744123451
0.8363446,-0.76230305,0.8137432363464532,-0.6345314329390136
0.86319464,-0.73358315,0.8255264979336397,-0.6567178038827653
0.9075089,-0.6847869,0.8182537968195598,-0.6327681853226965
0.9292302,-0.65463775,0.8215268274483745,-0.6272830616119877
0.9729475,-0.6114454,0.792749416379265,-0.5860226297922839
1.0133713,-0.56848925,0.799422764263866,-0.5998968384255143
1.0589136,-0.51941335,0.8232457317707876,-0.6557690532482822
1.0878152,-0.4727907,0.8226260940926364,-0.6393328934695507
1.0802306,-0.4380394,0.838199048718361,-0.6645277360220612
1.1092212,-0.41224542,0.8383545109449174,-0.6751164659684459
1.129631,-0.34763226,0.8349612651890376,-0.6762981294925906
1.1243778,-0.3040721,0.8490019738181299,-0.6858337067347309
1.1333714,-0.24872206,0.8664907744517892,-0.7378026995628121
1.1356252,-0.21456037,0.8819924596321634,-0.7167272836064
1.047445,-0.21053092,0.8682363385594156,-0.7238021168544496
0.9921357,-0.17308778,0.8649917329198662,-0.7199693875877737
0.958064,-0.13151258,0.8756725438552572,-0.7243348603574841
0.9152773,-0.09758475,0.8775396403619654,-0.7385031866249758
0.86753017,-0.08534165,0.8733835912744407,-0.7223234358005498
0.84421474,-0.067027785,0.8669489425027479,-0.7298110244234618
0.811212,-0.055104613,0.86369634871194,-0.7061159995793087
0.7713458,-0.05161384,0.8542416574050042,-0.6981772814169779
0.7382134,-0.041059267,0.864301075780043,-0.7145306392558599
0.7103863,-0.037917178,0.8659342137637385,-0.7193531522505482
0.6831895,-0.033257913,0.8508564582296677,-0.7278213525089049
0.6589875,-0.024526319,0.8676756373142706,-0.7131381294070642
0.64078414,-0.0084083555,0.8540204224515517,-0.7128385816662862
0.62419736,-0.0028941918,0.8417991956707457,-0.6726862206632258
0.6210797,0.0028066025,0.8246649371184613,-0.6601654905112706
0.6214679,0.0010610565,0.8059254854699167,-0.6074976587949701
0.6256677,0.008179521,0.7866575828203803,-0.5844402845906093
0.62664825,0.017088529,0.7743849505365216,-0.5557557289421653
0.6216925,0.028429996,0.7773352869150566,-0.5595337021313838
0.6184574,0.028750632,0.7702819315232816,-0.5325405122739777
0.61360484,0.0432762,0.7462810650499087,-0.5033388010184333
0.608302,0.037856713,0.7286646882791071,-0.4864153266057684
0.6071804,0.034095585,0.7125328210633579,-0.446954680165558
0.60485095,0.032478187,0.7070658998836208,-0.4342412850560814
0.60409766,0.031542238,0.6968638094689278,-0.4166037557072689
0.60233074,0.029927908,0.6872074627272131,-0.3998274936200268
0.6020958,0.029323127,0.6780128836964106,-0.3836924552475187
0.6015284,0.029961508,0.6695753606087683,-0.3686448250460237
0.601424,0.030024217,0.6618023942598846,-0.3544524711338398
0.60140216,0.03001169,0.6546390570919642,-0.3409316158729574
0.60091054,0.029974304,0.6483242139521754,-0.3284558275221108
0.60152334,0.02856618,0.642792740616925,-0.3168293244883161
0.60349894,0.024187138,0.638023801772419,-0.3059043407142685
0.60484284,0.021064518,0.6341897512012858,-0.2959823369174013
0.6050105,0.016747797,0.6312578835004716,-0.2869036274653266
0.60887,0.01620036,0.6292464994399121,-0.2785562035533228
0.6106158,0.016166916,0.6282513540582371,-0.271169927013766
0.61204165,0.016221678,0.6282850490816941,-0.2645346848102007
